#Dodanie klientów
INSERT INTO klienci(imie, nazwisko, telefon, pesel)
VALUES
('Karol', 'Cieslawski', '604784453', '99012301217'),
('Damian', 'Lukas', '532124654', '99082901583'),
('IGA', 'GRABOWSKI', '562191568', '61110854314'),
('ALEXANDER', 'NOWAK', '666847864', '59042373487'),
('STEFAN', 'GRABOWSKI', '557759085', '69050265573'),
('DARIA', 'JAWORSKI', '771168594', '00270689381'),
('NIKOLA', 'TOMASZEWSKI', '666847864', '99041614778'),
('BLANKA', 'MICHALAK', '621935137', '79020552161'),
('KONSTANTY', 'PAWLAK', '580256771', '94051069222'),
('KAJA', 'GÓRSKI', '526487670', '81030468938'),
('FRANCISZEK', 'STĘPIEŃ', '583453310', '61031281156'),
('URSZULA', 'KRAWCZYK', '509311948', '57090911314'),
('APOLONIA', 'MAJEWSKI', '580256771', '71061896677'),
('GRACJAN', 'ZALEWSKI', '525899764', '91121216975'),
('JÓZEF', 'JABŁOŃSKI', '641816696', '94032891738'),
('DOROTA', 'NOWAK', '605808481', '68010869264'),
('RADOSŁAW', 'WIŚNIEWSKI', '728330642', '76070794118'),
('MIŁOSZ', 'GÓRSKI', '607447981', '84063077988'),
('KORNEL', 'KWIATKOWSKI', '741153260', '65042734317'),
('ADRIANNA', 'ADAMCZYK', '647029361', '87100224367'),
('MONIKA', 'DĄBROWSKI', '753980086', '82113017373');

INSERT INTO klienci(imie, nazwisko, telefon, pesel, dodatkowe_informacje)
VALUES
('ALEKS', 'WOŹNIAK', '775681057', '75011312639', 'klient piorytetowy'),
('RAFAŁ', 'STĘPIEŃ', '573133584', '58022655836', 'klient piorytetowy'),
('EMIL', 'ADAMCZYK', '516039699', '78071381223', 'klient prywatny'),
('NELA', 'KOWALSKI', '634174002', '73021244388', 'klient prywatny'),
('HENRYK', 'NOWICKI', '782008948', '54110811748', 'klient piorytetowy'),
('ALAN', 'WRÓBEL', '654869851', '80031128265', 'klient zagraniczny'),
('IGA', 'BARAN', '714478395', '56050917418', 'staly klient'),
('RADOSŁAW', 'KAMIŃSKI', '771168594', '93022489973', 'klient piorytetowy'),
('KINGA', 'SIKORA', '609041387', '90041468794', 'staly klient');

#Dodanie samochodów
INSERT INTO samochody(rejestracja, rodzaj, rok_produkcji, data_ubezpieczenia, data_przegladu)
VALUES
('SK43152', 'ciężarówka', 2015, '2020-08-23', '2021-01-03'),
('SK00325', 'ciężarówka', 2018, '2020-07-30', '2020-08-18'),
('SK31221', 'cieżarówka', 2019, '2022-06-11', '2020-12-19'),
('SK10A83', 'ciężarówka', 2020, '2023-03-01', '2023-03-01'),
('SK22391', 'cieżarówka', 2013, '2021-02-21', '2020-12-12'),
('SK73194', 'firmowe osobowe', 2020, '2023-01-04', '2023-01-04'),
('SK17N35', 'firmowe osobowe', 2019, '2022-05-20', '2022-05-20');
#Dodanie samochodu bez przeglądu
INSERT INTO samochody(rejestracja, rodzaj, rok_produkcji)
VALUES
('SK48195', 'ciężarówka', 2009);
#Dodanie kontenerów
INSERT INTO kontenery(id, pojemnosc, data_przegladu)
VALUES
(472649174, 10500, '2020-09-23'),
(392740174, 9503, '2021-01-21'),
(742819471, 10012, '2020-12-21'),
(102181442, 11034, '2020-11-25'),
(842123511, 8402, '2020-08-11'),
(391746183, 9200, '2020-07-10'),
(799736180, 10070, '2020-11-01');
#Dodanie pracowników
INSERT INTO pracownicy(imie, nazwisko, pesel, nr_konta, miejsce_zamieszkania, telefon, data_zatrudnienia, data_konca_umowy, stanowiska)
VALUES
('ARTUR', 'WRÓBEL', '99010638257', '30452375187837961004336522', 'Ruda Śląska', '709372792', '04-01-2020', NULL, 'szef'),
('OLIWIA', 'PAWLAK', '80101057198', '29534524209976604658941569', 'Częstochowa', '557759085', '04-01-2020', NULL, 'kierownik transportu'),
('JADWIGA', 'SZEWCZYK', '83122695857', '15667195523328973948394472', 'Rybnik', '647029361', '04-01-2020', NULL, 'kierowca'),
('LENA', 'ZAJĄC', '55072788273', '58320830834247001177383086', 'Dąbrowa Górnicza', '535848020', '04-01-2020', NULL, 'magazynier'),
('JADWIGA', 'OSTROWSKI', '97082597494', '23372644275178982630223886', 'Tychy', '782008948', '04-01-2020', NULL, 'księgowy'),
('KONSTANTY', 'MAZUR', '56020246377', '24145628760261953838348660', 'Ruda Śląska', '583453310', '04-01-2020', '04-01-2021', 'kierowca'),
('DAWID', 'ZALEWSKI', '67050199254', '34028927910510368194628184', 'Rybnik', '563633669', '04-01-2020', '04-01-2021', 'kierowca'),
('JERZY', 'SIKORA', '89040232875', '18195657307892690514882886', 'Ruda Śląska', '590510707', '04-01-2020', '04-01-2021', 'kierowca'),
('KLAUDIA', 'LEWANDOWSKI', '93092915567', '35371434016772463971635937', 'Bielsko-Biala', '746246785', '04-01-2020', '04-01-2021', 'konserwator powieszchni plaskiej'),
('KUBA', 'MICHALAK', '91091984557', '49737009817780353542492587', 'Zabrze', '606906689', '23-01-2020', '23-07-2020', 'magazynier'),
('MIŁOSZ', 'GRABOWSKI', '70100332626', '68010243899127693835372970', 'Zabrze', '676277863', '21-02-2020', '21-08-2020', 'kierowca'),
('EWA', 'ZALEWSKI', '73072768622', '10425999918888558136063222', 'Rybnik', '658230385', '08-03-2020', NULL, 'kierownik transportu'),
('OLIVIER', 'ADAMCZYK', '62101011189', '45920464427821172727156559', 'Rybnik', '739802096', '09-03-2020', NULL, 'osoba planująca trasy'),
('CEZARY', 'NOWICKI', '69100422297', '43170557364622203816512213', 'Chorzów', '766367386', '12-06-2020', '12-09-2020', 'magazynier'),
('ALEKSANDER', 'GÓRSKI', '71080875895', '79010567370266607590602742', 'Katowice', '737224773', '20-06-2020', '20-09-2020', 'kierowca');
#Dodanie zleceń
INSERT INTO zlecenia(towar, cel, pochodzenie, termin, rejestracha_samochodu, specialne_warunki, id_pracownika, id_klienta, id_kontenera)
VALUES
('PDK (produkty dużej komsumpcji)', 'Katowice', 'Wejherowo', '05-01-2020', 'SK43152', 'wymaga oczenikania', '3', '1', '472649174'),
('alkochol', 'Bielsko-Biala', 'Rzeszów', '07-01-2020', 'SK00325', 'wymaga oczenikania', '6', '3', '392740174'),
('AGD', 'Olsztyn', 'Katowice', '07-01-2020', 'SK43152', 'przejazd skontorlowany przez inspekcje', '7', '3', '742819471'),
('części samochodowe', 'Katowice', 'Zawiercie', '08-01-2020', 'SK00325', NULL, '8', '4', '102181442'),
('sammochody', 'Katowice', 'Katowice', '08-01-2020', 'SK43152', NULL, '3', '4', '842123511'),
('AGD', 'Wejherowo', 'Biala Podlaska', '08-01-2020', 'SK00325', 'przewóz specialny', '6', '4', '391746183'),
('RTV', 'Gliwice', 'Katowice', '09-01-2020', 'SK43152', 'zlecenie piorytetowe', '7', '5', '799736180'),
('papier', 'Stargard', 'Katowice', '09-01-2020', 'SK00325', 'wymaga oczenikania', '8', '5', '472649174'),
('części samolotowe', 'Katowice', 'Jaworzno', '10-01-2020', 'SK43152', NULL, '3', '6', '392740174'),
('drewno', 'Myslowice', 'Katowice', '10-01-2020', 'SK00325', NULL, '6', '6', '742819471'),
('sammochody', 'Lublin', 'Sosnowiec', '10-01-2020', 'SK43152', 'wymaga oczenikania', '7', '6', '102181442'),
('napoje', 'Tarnobrzeg', 'Elk', '11-01-2020', 'SK00325', NULL, '8', '7', '842123511'),
('części do maszyn budowlanych', 'Ruda Śląska', 'Walbrzych', '11-01-2020', 'SK43152', NULL, '3', '7', '391746183'),
('warzywa', 'Sosnowiec', 'Slupsk', '12-01-2020', 'SK00325', 'przejazd skontorlowany przez inspekcje', '6', '8', '799736180'),
('plastiki', 'Ruda Śląska', 'Katowice', '12-01-2020', 'SK31221', 'wymaga oczenikania', '7', '8', '472649174'),
('sammochody', 'Nowy Sącz', 'Katowice', '12-01-2020', 'SK43152', 'przejazd skontorlowany przez inspekcje', '8', '8', '392740174'),
('części samochodowe', 'Opole', 'Katowice', '13-01-2020', 'SK00325', NULL, '3', '9', '742819471'),
('sammochody', 'Ruda Śląska', 'Katowice', '13-01-2020', 'SK31221', 'przewóz specialny', '6', '9', '102181442'),
('warzywa', 'Wejherowo', 'Katowice', '14-01-2020', 'SK43152', NULL, '7', '10', '842123511'),
('warzywa', 'Dąbrowa Górnicza', 'Katowice', '14-01-2020', 'SK00325', 'przejazd skontorlowany przez inspekcje', '8', '10', '391746183'),
('papier', 'Katowice', 'Jaworzno', '14-01-2020', 'SK31221', NULL, '3', '10', '799736180'),
('części do maszyn budowlanych', 'Toruń', 'Jaworzno', '14-01-2020', 'SK43152', NULL, '6', '10', '472649174'),
('PDK (produkty dużej komsumpcji)', 'Kielce', 'Stargard', '15-01-2020', 'SK00325', NULL, '7', '11', '392740174'),
('AGD', 'Ruda Śląska', 'Elbląg', '15-01-2020', 'SK31221', NULL, '8', '11', '742819471'),
('mrożonki', 'Sosnowiec', 'Sosnowiec', '15-01-2020', 'SK43152', NULL, '3', '11', '102181442'),
('alkochol', 'Sosnowiec', 'Sosnowiec', '17-01-2020', 'SK00325', NULL, '6', '13', '842123511'),
('sprzęt budowlany', 'Starogard Gdański', 'Sosnowiec', '18-01-2020', 'SK31221', 'wymaga oczenikania', '7', '14', '391746183'),
('sammochody', 'Tarnów', 'Tarnobrzeg', '18-01-2020', 'SK43152', 'przejazd z mandatem karnym', '8', '14', '799736180'),
('alkochol', 'Belchatów', 'Starogard Gdański', '18-01-2020', 'SK00325', NULL, '3', '14', '472649174'),
('papier', 'Piotrków', 'Elk', '19-01-2020', 'SK31221', 'wymaga oczenikania', '6', '15', '392740174'),
('papier', 'Częstochowa', 'Tarnów', '19-01-2020', 'SK43152', 'zlecenie piorytetowe', '7', '15', '742819471'),
('RTV', 'Siemianowice Śląskie', 'Katowice', '19-01-2020', 'SK00325', NULL, '8', '15', '102181442'),
('części samolotowe', 'Nowy Sącz', 'Katowice', '20-01-2020', 'SK31221', NULL, '3', '16', '842123511'),
('plastiki', 'Kalisz', 'Katowice', '20-01-2020', 'SK43152', NULL, '6', '16', '391746183'),
('AGD', 'Siemianowice Śląskie', 'Sosnowiec', '20-01-2020', 'SK00325', 'wymaga oczenikania', '7', '16', '799736180'),
('alkochol', 'Dębica', 'Jaworzno', '20-01-2020', 'SK31221', NULL, '8', '16', '472649174'),
('napoje', 'Katowice', 'Katowice', '21-01-2020', 'SK43152', NULL, '3', '17', '392740174'),
('warzywa', 'Sosnowiec', 'Katowice', '21-01-2020', 'SK00325', NULL, '6', '17', '742819471'),
('AGD', 'Bialystok', 'Ruda Śląska', '21-01-2020', 'SK31221', NULL, '7', '17', '102181442'),
('warzywa', 'Katowice', 'Gliwice', '22-01-2020', 'SK43152', 'wymaga oczenikania', '8', '18', '842123511'),
('AGD', 'Radom', 'Świdnica', '22-01-2020', 'SK00325', 'przejazd skontorlowany przez inspekcje', '3', '18', '391746183'),
('napoje', 'Wodzislaw Śląski', 'Nowy Sącz', '23-01-2020', 'SK31221', NULL, '6', '19', '799736180'),
('plastiki', 'Ruda Śląska', 'Dębica', '23-01-2020', 'SK43152', 'zlecenie piorytetowe', '7', '19', '472649174'),
('alkochol', 'Starogard Gdański', 'Piekary Śląskie', '23-01-2020', 'SK00325', NULL, '8', '19', '392740174'),
('sammochody', 'Legionowo', 'Katowice', '23-01-2020', 'SK31221', NULL, '3', '19', '742819471'),
('melale gospodarcze', 'Lomża', 'Zamość', '24-01-2020', 'SK43152', 'zlecenie piorytetowe', '6', '20', '102181442'),
('RTV', 'Inowroclaw', 'Ruda Śląska', '24-01-2020', 'SK00325', NULL, '7', '20', '842123511'),
('AGD', 'Katowice', 'Gliwice', '24-01-2020', 'SK31221', 'wymaga oczenikania', '8', '20', '391746183'),
('melale gospodarcze', 'Gliwice', 'Jaworzno', '24-01-2020', 'SK43152', 'zlecenie piorytetowe', '3', '20', '799736180'),
('sprzęt budowlany', 'Katowice', 'Katowice', '25-01-2020', 'SK00325', NULL, '6', '21', '472649174'),
('napoje', 'Ostrowiec Świętokrzyski', 'Tychy', '25-01-2020', 'SK31221', NULL, '7', '21', '392740174'),
('sprzęt budowlany', 'Tychy', 'Bielsko-Biala', '25-01-2020', 'SK43152', NULL, '8', '21', '742819471'),
('napoje', 'Katowice', 'Ruda Śląska', '26-01-2020', 'SK00325', 'wymaga oczenikania', '3', '22', '102181442'),
('części samochodowe', 'Katowice', 'Katowice', '26-01-2020', 'SK31221', NULL, '6', '22', '842123511'),
('sprzęt budowlany', 'Katowice', 'Katowice', '26-01-2020', 'SK43152', NULL, '7', '22', '391746183'),
('melale gospodarcze', 'Jaworzno', 'Siemianowice Śląskie', '27-01-2020', 'SK00325', NULL, '8', '23', '799736180'),
('AGD', 'Radom', 'Siemianowice Śląskie', '27-01-2020', 'SK31221', NULL, '3', '23', '472649174'),
('mrożonki', 'Poznań', 'Wroclaw', '27-01-2020', 'SK43152', 'przejazd skontorlowany przez inspekcje', '6', '23', '392740174'),
('mrożonki', 'Częstochowa', 'Sosnowiec', '28-01-2020', 'SK00325', NULL, '7', '24', '742819471'),
('mrożonki', 'Sosnowiec', 'Belchatów', '29-01-2020', 'SK31221', NULL, '8', '25', '102181442'),
('warzywa', 'Katowice', 'Suwalki', '29-01-2020', 'SK43152', 'przewóz specialny', '3', '25', '842123511'),
('napoje', 'Legionowo', 'Skarżysko-Kamienna', '30-01-2020', 'SK00325', 'przejazd skontorlowany przez inspekcje', '6', '26', '391746183'),
('części do maszyn budowlanych', 'Katowice', 'Gdańsk', '30-01-2020', 'SK31221', NULL, '7', '26', '799736180'),
('części do maszyn budowlanych', 'Gliwice', 'Świętochlowice', '30-01-2020', 'SK43152', 'przejazd skontorlowany przez inspekcje', '8', '26', '472649174'),
('drewno', 'Nowy Sącz', 'Katowice', '31-01-2020', 'SK00325', NULL, '3', '27', '392740174'),
('RTV', 'Siemianowice Śląskie', 'Lomża', '31-01-2020', 'SK31221', 'przejazd z mandatem karnym', '6', '27', '742819471'),
('drewno', 'Kraków', 'Bydgoszcz', '01-02-2020', 'SK43152', NULL, '7', '28', '102181442'),
('sammochody', 'Zielona Góra', 'Legnica', '01-02-2020', 'SK00325', 'zlecenie piorytetowe', '8', '28', '842123511'),
('PDK (produkty dużej komsumpcji)', 'Katowice', 'Katowice', '01-02-2020', 'SK31221', 'wymaga oczenikania', '3', '28', '391746183'),
('sammochody', 'Katowice', 'Katowice', '01-02-2020', 'SK43152', NULL, '6', '28', '799736180'),
('PDK (produkty dużej komsumpcji)', 'lódź', 'Konin', '02-02-2020', 'SK00325', NULL, '7', '29', '472649174'),
('części samochodowe', 'Katowice', 'Pulawy', '03-02-2020', 'SK31221', NULL, '8', '30', '392740174'),
('warzywa', 'Kalisz', 'lódź', '03-02-2020', 'SK43152', 'wymaga oczenikania', '3', '30', '742819471'),
('plastiki', 'Jaworzno', 'Walbrzych', '03-02-2020', 'SK00325', NULL, '6', '30', '102181442'),
('PDK (produkty dużej komsumpcji)', 'Dębica', 'Biala Podlaska', '03-02-2020', 'SK31221', NULL, '7', '30', '842123511'),
('AGD', 'Suwalki', 'Ruda Śląska', '04-02-2020', 'SK43152', 'wymaga oczenikania', '8', '31', '391746183'),
('części samochodowe', 'Tomaszów Mazowiecki', 'Rybnik', '04-02-2020', 'SK00325', 'wymaga oczenikania', '3', '31', '799736180'),
('AGD', 'Katowice', 'Katowice', '04-02-2020', 'SK31221', 'zlecenie piorytetowe', '6', '31', '472649174'),
('sprzęt budowlany', 'Radom', 'Ruda Śląska', '05-02-2020', 'SK43152', NULL, '7', '32', '392740174'),
('warzywa', 'Siemianowice Śląskie', 'Katowice', '05-02-2020', 'SK00325', 'zlecenie piorytetowe', '8', '32', '742819471'),
('części samolotowe', 'Bielsko-Biala', 'Warszawa', '06-02-2020', 'SK31221', NULL, '3', '33', '102181442'),
('sammochody', 'Katowice', 'Rumia', '06-02-2020', 'SK43152', 'zlecenie piorytetowe', '6', '33', '842123511'),
('drewno', 'Katowice', 'Piaseczno', '07-02-2020', 'SK00325', 'zlecenie piorytetowe', '7', '34', '391746183'),
('plastiki', 'Lomża', 'Katowice', '07-02-2020', 'SK31221', NULL, '8', '34', '799736180'),
('RTV', 'Gliwice', 'Chorzów', '08-02-2020', 'SK43152', NULL, '3', '35', '472649174'),
('plastiki', 'Katowice', 'Leszno', '08-02-2020', 'SK00325', NULL, '6', '35', '392740174'),
('alkochol', 'Bydgoszcz', 'Gliwice', '08-02-2020', 'SK31221', NULL, '7', '35', '742819471'),
('sprzęt budowlany', 'Kielce', 'Sosnowiec', '09-02-2020', 'SK43152', 'wymaga oczenikania', '8', '36', '102181442'),
('papier', 'Jaworzno', 'Gliwice', '10-02-2020', 'SK00325', NULL, '3', '37', '842123511'),
('warzywa', 'Zawiercie', 'Kędzierzyn-Koźle', '11-02-2020', 'SK31221', NULL, '6', '38', '391746183'),
('warzywa', 'Gliwice', 'Sosnowiec', '11-02-2020', 'SK43152', 'wymaga oczenikania', '7', '38', '799736180'),
('mrożonki', 'Katowice', 'Gliwice', '11-02-2020', 'SK00325', NULL, '8', '38', '472649174'),
('PDK (produkty dużej komsumpcji)', 'Ruda Śląska', 'Ruda Śląska', '12-02-2020', 'SK31221', NULL, '3', '39', '392740174'),
('napoje', 'Koszalin', 'Leszno', '12-02-2020', 'SK43152', 'przejazd skontorlowany przez inspekcje', '6', '39', '742819471'),
('mrożonki', 'Sosnowiec', 'Katowice', '12-02-2020', 'SK00325', 'przewóz specialny', '7', '39', '102181442'),
('AGD', 'Katowice', 'Katowice', '12-02-2020', 'SK31221', 'wymaga oczenikania', '8', '39', '842123511'),
('napoje', 'lódź', 'Katowice', '13-02-2020', 'SK43152', NULL, '3', '40', '391746183'),
('melale gospodarcze', 'Koszalin', 'Katowice', '13-02-2020', 'SK00325', NULL, '6', '40', '799736180'),
('PDK (produkty dużej komsumpcji)', 'Ruda Śląska', 'Kraków', '13-02-2020', 'SK31221', 'zlecenie piorytetowe', '7', '40', '472649174'),
('papier', 'Jaworzno', 'Katowice', '14-02-2020', 'SK43152', NULL, '8', '41', '392740174'),
('PDK (produkty dużej komsumpcji)', 'Częstochowa', 'Legnica', '14-02-2020', 'SK00325', 'przejazd skontorlowany przez inspekcje', '3', '41', '742819471'),
('sprzęt budowlany', 'Ruda Śląska', 'Świdnica', '15-02-2020', 'SK31221', NULL, '6', '42', '102181442'),
('PDK (produkty dużej komsumpcji)', 'Ostrów', 'Jastrzębie-Zdrój', '15-02-2020', 'SK43152', NULL, '7', '42', '842123511'),
('alkochol', 'Katowice', 'Legionowo', '15-02-2020', 'SK00325', 'wymaga oczenikania', '8', '42', '391746183'),
('melale gospodarcze', 'Gliwice', 'Bielsko-Biala', '16-02-2020', 'SK31221', NULL, '3', '43', '799736180'),
('części do maszyn budowlanych', 'Zabrze', 'Nowy Sącz', '16-02-2020', 'SK43152', 'wymaga oczenikania', '6', '43', '472649174'),
('mrożonki', 'Pabianice', 'Ruda Śląska', '16-02-2020', 'SK00325', NULL, '7', '43', '392740174'),
('melale gospodarcze', 'Katowice', 'Radom', '17-02-2020', 'SK31221', 'przewóz specialny', '8', '44', '742819471'),
('plastiki', 'Katowice', 'Ruda Śląska', '17-02-2020', 'SK43152', NULL, '3', '44', '102181442'),
('drewno', 'Jaworzno', 'Jaworzno', '17-02-2020', 'SK00325', NULL, '6', '44', '842123511'),
('napoje', 'Gliwice', 'Katowice', '18-02-2020', 'SK31221', NULL, '7', '45', '391746183'),
('plastiki', 'Ruda Śląska', 'Grudziądz', '18-02-2020', 'SK43152', 'przejazd z mandatem karnym', '8', '45', '799736180'),
('alkochol', 'Lomża', 'Ostrolęka', '18-02-2020', 'SK00325', 'zlecenie piorytetowe', '3', '45', '472649174'),
('melale gospodarcze', 'Katowice', 'Katowice', '18-02-2020', 'SK31221', 'wymaga oczenikania', '6', '45', '392740174'),
('papier', 'Gliwice', 'Sosnowiec', '19-02-2020', 'SK43152', NULL, '7', '46', '742819471'),
('napoje', 'Bielsko-Biala', 'Gdynia', '19-02-2020', 'SK00325', 'wymaga oczenikania', '8', '46', '102181442'),
('mrożonki', 'Siemianowice Śląskie', 'Katowice', '19-02-2020', 'SK31221', 'wymaga oczenikania', '3', '46', '842123511'),
('papier', 'Suwalki', 'Ostrolęka', '20-02-2020', 'SK43152', 'przejazd skontorlowany przez inspekcje', '6', '47', '391746183'),
('mrożonki', 'Sosnowiec', 'Ruda Śląska', '20-02-2020', 'SK00325', 'przejazd skontorlowany przez inspekcje', '7', '47', '799736180'),
('mrożonki', 'Katowice', 'Kalisz', '21-02-2020', 'SK10A83', NULL, '11', '48', '472649174'),
('melale gospodarcze', 'Kielce', 'Katowice', '21-02-2020', 'SK43152', NULL, '3', '48', '392740174'),
('plastiki', 'Sosnowiec', 'Sosnowiec', '21-02-2020', 'SK00325', NULL, '6', '48', '742819471'),
('plastiki', 'Sosnowiec', 'Bialystok', '21-02-2020', 'SK31221', NULL, '7', '48', '102181442'),
('części samolotowe', 'Zawiercie', 'Mielec', '21-02-2020', 'SK10A83', 'zlecenie piorytetowe', '8', '48', '842123511'),
('PDK (produkty dużej komsumpcji)', 'Ruda Śląska', 'Katowice', '22-02-2020', 'SK43152', NULL, '11', '49', '391746183'),
('warzywa', 'Katowice', 'Ruda Śląska', '22-02-2020', 'SK00325', 'zlecenie piorytetowe', '3', '49', '799736180'),
('mrożonki', 'Legionowo', 'Katowice', '22-02-2020', 'SK31221', NULL, '6', '49', '472649174'),
('części samochodowe', 'Sosnowiec', 'Katowice', '22-02-2020', 'SK10A83', 'przewóz specialny', '7', '49', '392740174'),
('warzywa', 'lódź', 'Legionowo', '22-02-2020', 'SK43152', 'wymaga oczenikania', '8', '49', '742819471'),
('części samochodowe', 'Siemianowice Śląskie', 'Bielsko-Biala', '23-02-2020', 'SK00325', 'wymaga oczenikania', '11', '50', '102181442'),
('papier', 'Bielsko-Biala', 'Tczew', '23-02-2020', 'SK31221', NULL, '3', '50', '842123511'),
('mrożonki', 'Gliwice', 'Jaworzno', '23-02-2020', 'SK10A83', 'zlecenie piorytetowe', '6', '50', '391746183'),
('części samolotowe', 'Gliwice', 'Slupsk', '23-02-2020', 'SK43152', 'zlecenie piorytetowe', '7', '50', '799736180'),
('warzywa', 'Jaworzno', 'Katowice', '25-02-2020', 'SK00325', NULL, '8', '52', '472649174'),
('melale gospodarcze', 'Katowice', 'Glogów', '25-02-2020', 'SK31221', NULL, '11', '52', '392740174'),
('części samolotowe', 'Piaseczno', 'Gliwice', '25-02-2020', 'SK10A83', NULL, '3', '52', '742819471'),
('części do maszyn budowlanych', 'Starogard Gdański', 'Glogów', '25-02-2020', 'SK43152', NULL, '6', '52', '102181442'),
('papier', 'Siemianowice Śląskie', 'Ruda Śląska', '26-02-2020', 'SK00325', 'zlecenie piorytetowe', '7', '53', '842123511'),
('papier', 'Chorzów', 'Gliwice', '26-02-2020', 'SK31221', NULL, '8', '53', '391746183'),
('RTV', 'Ruda Śląska', 'Sosnowiec', '26-02-2020', 'SK10A83', NULL, '11', '53', '799736180'),
('części do maszyn budowlanych', 'Gliwice', 'Katowice', '26-02-2020', 'SK43152', NULL, '3', '53', '472649174'),
('papier', 'Lubin', 'Katowice', '26-02-2020', 'SK00325', 'zlecenie piorytetowe', '6', '53', '392740174'),
('alkochol', 'Pruszków', 'Ruda Śląska', '28-02-2020', 'SK31221', 'zlecenie piorytetowe', '7', '55', '742819471'),
('części do maszyn budowlanych', 'Jelenia Góra', 'Katowice', '28-02-2020', 'SK10A83', 'przewóz specialny', '8', '55', '102181442'),
('papier', 'Jaworzno', 'Myslowice', '28-02-2020', 'SK43152', NULL, '11', '55', '842123511'),
('plastiki', 'Jaworzno', 'Ruda Śląska', '28-02-2020', 'SK00325', 'przejazd skontorlowany przez inspekcje', '3', '55', '391746183'),
('części samolotowe', 'Gniezno', 'Glogów', '29-02-2020', 'SK31221', NULL, '6', '56', '799736180'),
('PDK (produkty dużej komsumpcji)', 'Bielsko-Biala', 'Gliwice', '29-02-2020', 'SK10A83', NULL, '7', '56', '472649174'),
('AGD', 'Sosnowiec', 'Jaworzno', '29-02-2020', 'SK43152', NULL, '8', '56', '392740174'),
('drewno', 'Jelenia Góra', 'Świętochlowice', '29-02-2020', 'SK00325', NULL, '11', '56', '742819471'),
('RTV', 'Jaworzno', 'Belchatów', '01-03-2020', 'SK31221', NULL, '3', '57', '102181442'),
('PDK (produkty dużej komsumpcji)', 'Jaworzno', 'Lomża', '01-03-2020', 'SK10A83', NULL, '6', '57', '842123511'),
('sprzęt budowlany', 'Jaworzno', 'Katowice', '01-03-2020', 'SK43152', 'zlecenie piorytetowe', '7', '57', '391746183'),
('melale gospodarcze', 'Ruda Śląska', 'Jaworzno', '01-03-2020', 'SK00325', NULL, '8', '57', '799736180'),
('części samolotowe', 'Jaworzno', 'Katowice', '02-03-2020', 'SK31221', NULL, '11', '58', '472649174'),
('AGD', 'Olsztyn', 'Katowice', '02-03-2020', 'SK10A83', NULL, '3', '58', '392740174'),
('napoje', 'Bielsko-Biala', 'Elbląg', '02-03-2020', 'SK43152', NULL, '6', '58', '742819471'),
('sammochody', 'Piaseczno', 'Siemianowice Śląskie', '02-03-2020', 'SK00325', 'wymaga oczenikania', '7', '58', '102181442'),
('mrożonki', 'Elk', 'Dębica', '03-03-2020', 'SK31221', NULL, '8', '59', '842123511'),
('napoje', 'Katowice', 'Starachowice', '03-03-2020', 'SK10A83', NULL, '11', '59', '391746183'),
('części samochodowe', 'Siemianowice Śląskie', 'Sosnowiec', '03-03-2020', 'SK43152', 'wymaga oczenikania', '3', '59', '799736180'),
('warzywa', 'Siemianowice Śląskie', 'Radomsko', '03-03-2020', 'SK00325', 'zlecenie piorytetowe', '6', '59', '472649174'),
('części do maszyn budowlanych', 'Jaworzno', 'Sosnowiec', '03-03-2020', 'SK31221', NULL, '7', '59', '392740174'),
('części do maszyn budowlanych', 'Katowice', 'Piotrków', '04-03-2020', 'SK10A83', NULL, '8', '60', '742819471'),
('napoje', 'Katowice', 'Gdynia', '04-03-2020', 'SK43152', NULL, '11', '60', '102181442'),
('napoje', 'Jaworzno', 'Sosnowiec', '04-03-2020', 'SK00325', 'wymaga oczenikania', '3', '60', '842123511'),
('papier', 'Gliwice', 'Chelm', '04-03-2020', 'SK31221', NULL, '6', '60', '391746183'),
('drewno', 'Jaworzno', 'Ruda Śląska', '04-03-2020', 'SK10A83', NULL, '7', '60', '799736180'),
('papier', 'Jaworzno', 'Pruszków', '05-03-2020', 'SK43152', 'wymaga oczenikania', '8', '61', '472649174'),
('warzywa', 'Jaworzno', 'Walbrzych', '05-03-2020', 'SK00325', 'przejazd skontorlowany przez inspekcje', '11', '61', '392740174'),
('RTV', 'Sosnowiec', 'Ruda Śląska', '05-03-2020', 'SK31221', NULL, '3', '61', '742819471'),
('części do maszyn budowlanych', 'Katowice', 'Legnica', '05-03-2020', 'SK10A83', NULL, '6', '61', '102181442'),
('mrożonki', 'Kolobrzeg', 'Przemyśl', '05-03-2020', 'SK43152', 'wymaga oczenikania', '7', '61', '842123511'),
('RTV', 'Katowice', 'Wroclaw', '06-03-2020', 'SK00325', NULL, '8', '62', '391746183'),
('melale gospodarcze', 'Olsztyn', 'Katowice', '06-03-2020', 'SK31221', NULL, '11', '62', '799736180'),
('papier', 'Dębica', 'Ostrowiec Świętokrzyski', '06-03-2020', 'SK10A83', NULL, '3', '62', '472649174'),
('plastiki', 'Katowice', 'Grudziądz', '06-03-2020', 'SK43152', 'przejazd skontorlowany przez inspekcje', '6', '62', '392740174'),
('melale gospodarcze', 'Katowice', 'Koszalin', '06-03-2020', 'SK00325', 'wymaga oczenikania', '7', '62', '742819471'),
('plastiki', 'Siemianowice Śląskie', 'Gliwice', '06-03-2020', 'SK31221', NULL, '8', '62', '102181442'),
('sprzęt budowlany', 'Katowice', 'Katowice', '07-03-2020', 'SK10A83', NULL, '11', '63', '842123511'),
('mrożonki', 'Nowy Sącz', 'Jaworzno', '07-03-2020', 'SK43152', 'wymaga oczenikania', '3', '63', '391746183'),
('części samochodowe', 'Katowice', 'Ruda Śląska', '07-03-2020', 'SK00325', NULL, '6', '63', '799736180'),
('AGD', 'Konin', 'Katowice', '07-03-2020', 'SK31221', 'zlecenie piorytetowe', '7', '63', '472649174'),
('napoje', 'Elk', 'Sosnowiec', '07-03-2020', 'SK10A83', 'wymaga oczenikania', '8', '63', '392740174'),
('plastiki', 'Kraków', 'Dębica', '08-03-2020', 'SK43152', 'zlecenie piorytetowe', '11', '64', '742819471'),
('PDK (produkty dużej komsumpcji)', 'Siemianowice Śląskie', 'Częstochowa', '08-03-2020', 'SK00325', 'przejazd z mandatem karnym', '3', '64', '102181442'),
('części samolotowe', 'Ostrów', 'Myslowice', '08-03-2020', 'SK31221', NULL, '6', '64', '842123511'),
('sammochody', 'Jaworzno', 'Katowice', '08-03-2020', 'SK10A83', 'przejazd skontorlowany przez inspekcje', '7', '64', '391746183'),
('plastiki', 'Jaworzno', 'Sosnowiec', '08-03-2020', 'SK43152', NULL, '8', '64', '799736180'),
('mrożonki', 'Starogard Gdański', 'Katowice', '09-03-2020', 'SK00325', NULL, '11', '65', '472649174'),
('części samochodowe', 'Ruda Śląska', 'Gliwice', '09-03-2020', 'SK31221', NULL, '3', '65', '392740174'),
('AGD', 'Wejherowo', 'Katowice', '09-03-2020', 'SK10A83', NULL, '6', '65', '742819471'),
('sprzęt budowlany', 'Leszno', 'Katowice', '09-03-2020', 'SK43152', NULL, '7', '65', '102181442'),
('warzywa', 'Bielsko-Biala', 'Wejherowo', '09-03-2020', 'SK00325', 'zlecenie piorytetowe', '8', '65', '842123511'),
('części samochodowe', 'Ruda Śląska', 'Pabianice', '10-03-2020', 'SK31221', 'wymaga oczenikania', '11', '66', '391746183'),
('mrożonki', 'Katowice', 'Kraków', '10-03-2020', 'SK10A83', 'przewóz specialny', '3', '66', '799736180'),
('melale gospodarcze', 'Katowice', 'lódź', '10-03-2020', 'SK43152', 'wymaga oczenikania', '6', '66', '472649174'),
('warzywa', 'Tczew', 'Bialystok', '10-03-2020', 'SK00325', 'przejazd skontorlowany przez inspekcje', '7', '66', '392740174'),
('napoje', 'Zamość', 'Sosnowiec', '10-03-2020', 'SK31221', 'przejazd skontorlowany przez inspekcje', '8', '66', '742819471'),
('melale gospodarcze', 'Pabianice', 'Jaworzno', '11-03-2020', 'SK10A83', NULL, '11', '67', '102181442'),
('PDK (produkty dużej komsumpcji)', 'Siemianowice Śląskie', 'Gdańsk', '11-03-2020', 'SK43152', 'wymaga oczenikania', '3', '67', '842123511'),
('sprzęt budowlany', 'Katowice', 'Gliwice', '11-03-2020', 'SK00325', 'wymaga oczenikania', '6', '67', '391746183'),
('części samolotowe', 'Sosnowiec', 'Ruda Śląska', '11-03-2020', 'SK31221', NULL, '7', '67', '799736180'),
('sammochody', 'Inowroclaw', 'Gliwice', '11-03-2020', 'SK10A83', NULL, '8', '67', '472649174'),
('drewno', 'Nowy Sącz', 'Katowice', '12-03-2020', 'SK43152', 'zlecenie piorytetowe', '11', '68', '392740174'),
('AGD', 'Rumia', 'Katowice', '12-03-2020', 'SK00325', NULL, '3', '68', '742819471'),
('części samochodowe', 'Legnica', 'Jaworzno', '12-03-2020', 'SK31221', NULL, '6', '68', '102181442'),
('części do maszyn budowlanych', 'Gliwice', 'Jaworzno', '12-03-2020', 'SK10A83', NULL, '7', '68', '842123511'),
('melale gospodarcze', 'Bielsko-Biala', 'Sosnowiec', '12-03-2020', 'SK43152', 'przejazd z mandatem karnym', '8', '68', '391746183'),
('PDK (produkty dużej komsumpcji)', 'Lublin', 'Jaworzno', '13-03-2020', 'SK00325', NULL, '11', '69', '799736180'),
('warzywa', 'Tarnów', 'Dąbrowa Górnicza', '13-03-2020', 'SK31221', 'wymaga oczenikania', '3', '69', '472649174'),
('części do maszyn budowlanych', 'Katowice', 'Tczew', '13-03-2020', 'SK10A83', NULL, '6', '69', '392740174'),
('plastiki', 'Katowice', 'Katowice', '13-03-2020', 'SK43152', NULL, '7', '69', '742819471'),
('części samochodowe', 'Katowice', 'Pruszków', '13-03-2020', 'SK00325', 'przejazd skontorlowany przez inspekcje', '8', '69', '102181442'),
('części do maszyn budowlanych', 'Wloclawek', 'Jelenia Góra', '14-03-2020', 'SK31221', NULL, '11', '70', '842123511'),
('mrożonki', 'Biala Podlaska', 'Zamość', '14-03-2020', 'SK10A83', NULL, '3', '70', '391746183'),
('części samolotowe', 'Sosnowiec', 'Katowice', '14-03-2020', 'SK43152', 'zlecenie piorytetowe', '6', '70', '799736180'),
('plastiki', 'Walbrzych', 'Jaworzno', '14-03-2020', 'SK00325', 'zlecenie piorytetowe', '7', '70', '472649174'),
('melale gospodarcze', 'Gliwice', 'Wloclawek', '15-03-2020', 'SK31221', 'wymaga oczenikania', '8', '71', '392740174'),
('części do maszyn budowlanych', 'Ruda Śląska', 'Siemianowice Śląskie', '15-03-2020', 'SK10A83', 'przejazd z mandatem karnym', '11', '71', '742819471'),
('części do maszyn budowlanych', 'Katowice', 'Tychy', '15-03-2020', 'SK43152', 'wymaga oczenikania', '3', '71', '102181442'),
('AGD', 'Sosnowiec', 'Bytom', '15-03-2020', 'SK00325', NULL, '6', '71', '842123511'),
('papier', 'Ruda Śląska', 'Skierniewice', '16-03-2020', 'SK31221', 'przejazd skontorlowany przez inspekcje', '7', '72', '391746183'),
('części samolotowe', 'Nowy Sącz', 'Suwalki', '16-03-2020', 'SK10A83', NULL, '8', '72', '799736180'),
('części do maszyn budowlanych', 'Siemianowice Śląskie', 'Siemianowice Śląskie', '16-03-2020', 'SK43152', NULL, '11', '72', '472649174'),
('plastiki', 'Jaworzno', 'Rybnik', '16-03-2020', 'SK00325', NULL, '3', '72', '392740174'),
('PDK (produkty dużej komsumpcji)', 'Ruda Śląska', 'Sosnowiec', '17-03-2020', 'SK31221', 'wymaga oczenikania', '6', '73', '742819471'),
('części samolotowe', 'Katowice', 'Świętochlowice', '17-03-2020', 'SK10A83', NULL, '7', '73', '102181442'),
('warzywa', 'Jaworzno', 'Częstochowa', '17-03-2020', 'SK43152', 'przewóz specialny', '8', '73', '842123511'),
('melale gospodarcze', 'Pulawy', 'Jaworzno', '17-03-2020', 'SK00325', NULL, '11', '73', '391746183'),
('części samochodowe', 'Katowice', 'Ruda Śląska', '18-03-2020', 'SK31221', 'przewóz specialny', '3', '74', '799736180'),
('napoje', 'Jaworzno', 'Tomaszów Mazowiecki', '18-03-2020', 'SK10A83', NULL, '6', '74', '472649174'),
('części samolotowe', 'Lubin', 'Skarżysko-Kamienna', '18-03-2020', 'SK43152', NULL, '7', '74', '392740174'),
('plastiki', 'Elbląg', 'Katowice', '18-03-2020', 'SK00325', 'przewóz specialny', '8', '74', '742819471'),
('PDK (produkty dużej komsumpcji)', 'Rumia', 'Siemianowice Śląskie', '19-03-2020', 'SK31221', 'wymaga oczenikania', '11', '75', '102181442'),
('papier', 'Gliwice', 'Poznań', '19-03-2020', 'SK10A83', 'wymaga oczenikania', '3', '75', '842123511'),
('części samolotowe', 'Ruda Śląska', 'Katowice', '20-03-2020', 'SK43152', 'przewóz specialny', '6', '76', '391746183'),
('części samochodowe', 'Katowice', 'Mielec', '20-03-2020', 'SK00325', 'zlecenie piorytetowe', '7', '76', '799736180'),
('sprzęt budowlany', 'Katowice', 'Jaworzno', '20-03-2020', 'SK31221', NULL, '8', '76', '472649174'),
('napoje', 'Żory', 'Ruda Śląska', '20-03-2020', 'SK10A83', NULL, '11', '76', '392740174'),
('plastiki', 'Sosnowiec', 'Wejherowo', '20-03-2020', 'SK43152', NULL, '3', '76', '742819471'),
('mrożonki', 'Katowice', 'Pulawy', '21-03-2020', 'SK00325', NULL, '6', '77', '102181442'),
('napoje', 'Siedlce', 'Ruda Śląska', '21-03-2020', 'SK31221', NULL, '7', '77', '842123511'),
('warzywa', 'Siemianowice Śląskie', 'Zielona Góra', '21-03-2020', 'SK10A83', 'wymaga oczenikania', '8', '77', '391746183'),
('PDK (produkty dużej komsumpcji)', 'Rzeszów', 'Katowice', '22-03-2020', 'SK43152', NULL, '11', '78', '799736180'),
('części do maszyn budowlanych', 'Tarnowskie Góry', 'Wodzislaw Śląski', '22-03-2020', 'SK00325', NULL, '3', '78', '472649174'),
('sprzęt budowlany', 'Przemyśl', 'Chelm', '22-03-2020', 'SK31221', NULL, '6', '78', '392740174'),
('napoje', 'Katowice', 'Sosnowiec', '22-03-2020', 'SK10A83', NULL, '7', '78', '742819471'),
('mrożonki', 'Katowice', 'Zabrze', '23-03-2020', 'SK43152', 'wymaga oczenikania', '8', '79', '102181442'),
('części do maszyn budowlanych', 'Sosnowiec', 'Katowice', '23-03-2020', 'SK00325', NULL, '11', '79', '842123511'),
('RTV', 'Olsztyn', 'Gliwice', '23-03-2020', 'SK31221', 'wymaga oczenikania', '3', '79', '391746183'),
('AGD', 'Bielsko-Biala', 'Katowice', '23-03-2020', 'SK10A83', NULL, '6', '79', '799736180'),
('części samochodowe', 'Katowice', 'Katowice', '23-03-2020', 'SK43152', 'przewóz specialny', '7', '79', '472649174'),
('melale gospodarcze', 'Katowice', 'Gliwice', '24-03-2020', 'SK00325', 'wymaga oczenikania', '8', '80', '392740174'),
('napoje', 'Sosnowiec', 'Katowice', '24-03-2020', 'SK31221', NULL, '11', '80', '742819471'),
('plastiki', 'Legnica', 'Katowice', '24-03-2020', 'SK10A83', 'wymaga oczenikania', '3', '80', '102181442'),
('sammochody', 'Piotrków', 'Rzeszów', '24-03-2020', 'SK43152', NULL, '6', '80', '842123511'),
('sprzęt budowlany', 'Bydgoszcz', 'Rumia', '25-03-2020', 'SK00325', 'zlecenie piorytetowe', '7', '81', '391746183'),
('melale gospodarcze', 'Ruda Śląska', 'Walbrzych', '25-03-2020', 'SK31221', 'przejazd skontorlowany przez inspekcje', '8', '81', '799736180'),
('drewno', 'Bielsko-Biala', 'Grudziądz', '25-03-2020', 'SK10A83', NULL, '11', '81', '472649174'),
('RTV', 'Legionowo', 'Katowice', '25-03-2020', 'SK43152', 'wymaga oczenikania', '3', '81', '392740174'),
('alkochol', 'Jaworzno', 'Szczecin', '25-03-2020', 'SK00325', NULL, '6', '81', '742819471'),
('AGD', 'lódź', 'Radomsko', '26-03-2020', 'SK31221', NULL, '7', '82', '102181442'),
('RTV', 'Pabianice', 'Katowice', '26-03-2020', 'SK10A83', NULL, '8', '82', '842123511'),
('mrożonki', 'Myslowice', 'Tarnowskie Góry', '26-03-2020', 'SK43152', 'przejazd z mandatem karnym', '11', '82', '391746183'),
('plastiki', 'Bielsko-Biala', 'Katowice', '26-03-2020', 'SK00325', NULL, '3', '82', '799736180'),
('części samolotowe', 'Krosno', 'Legnica', '26-03-2020', 'SK31221', NULL, '6', '82', '472649174'),
('mrożonki', 'Biala Podlaska', 'Ruda Śląska', '27-03-2020', 'SK10A83', NULL, '7', '83', '392740174'),
('sammochody', 'Jaworzno', 'Starogard Gdański', '27-03-2020', 'SK43152', NULL, '8', '83', '742819471'),
('warzywa', 'Lublin', 'Sosnowiec', '27-03-2020', 'SK00325', NULL, '11', '83', '102181442'),
('plastiki', 'Katowice', 'Gdańsk', '27-03-2020', 'SK31221', 'przejazd z mandatem karnym', '3', '83', '842123511'),
('napoje', 'Piekary Śląskie', 'Jaworzno', '27-03-2020', 'SK10A83', NULL, '6', '83', '391746183'),
('mrożonki', 'Jelenia Góra', 'Ostrów', '28-03-2020', 'SK43152', 'przejazd skontorlowany przez inspekcje', '7', '84', '799736180'),
('RTV', 'Ruda Śląska', 'Katowice', '28-03-2020', 'SK00325', NULL, '8', '84', '472649174'),
('alkochol', 'Siedlce', 'Bielsko-Biala', '28-03-2020', 'SK31221', NULL, '11', '84', '392740174'),
('mrożonki', 'Ruda Śląska', 'Katowice', '28-03-2020', 'SK10A83', 'przewóz specialny', '3', '84', '742819471'),
('PDK (produkty dużej komsumpcji)', 'Gdańsk', 'Katowice', '28-03-2020', 'SK43152', NULL, '6', '84', '102181442'),
('plastiki', 'Jaworzno', 'Ruda Śląska', '29-03-2020', 'SK00325', 'wymaga oczenikania', '7', '85', '842123511'),
('części samolotowe', 'Katowice', 'Katowice', '29-03-2020', 'SK31221', NULL, '8', '85', '391746183'),
('mrożonki', 'Pulawy', 'Bielsko-Biala', '30-03-2020', 'SK10A83', 'przejazd skontorlowany przez inspekcje', '11', '86', '799736180'),
('plastiki', 'Katowice', 'Siemianowice Śląskie', '30-03-2020', 'SK43152', 'przewóz specialny', '3', '86', '472649174'),
('plastiki', 'Katowice', 'Chelm', '30-03-2020', 'SK00325', 'wymaga oczenikania', '6', '86', '392740174'),
('części do maszyn budowlanych', 'Sosnowiec', 'Będzin', '30-03-2020', 'SK31221', NULL, '7', '86', '742819471'),
('części do maszyn budowlanych', 'Jaworzno', 'Piekary Śląskie', '30-03-2020', 'SK10A83', 'przewóz specialny', '8', '86', '102181442'),
('części do maszyn budowlanych', 'Ruda Śląska', 'Katowice', '31-03-2020', 'SK43152', 'wymaga oczenikania', '11', '87', '842123511'),
('warzywa', 'Szczecin', 'Katowice', '31-03-2020', 'SK00325', NULL, '3', '87', '391746183'),
('RTV', 'Katowice', 'Katowice', '31-03-2020', 'SK31221', 'wymaga oczenikania', '6', '87', '799736180'),
('AGD', 'Jaworzno', 'Ruda Śląska', '31-03-2020', 'SK10A83', NULL, '7', '87', '472649174'),
('mrożonki', 'Ruda Śląska', 'Starachowice', '31-03-2020', 'SK43152', 'wymaga oczenikania', '8', '87', '392740174'),
('mrożonki', 'Ostrolęka', 'Bielsko-Biala', '01-04-2020', 'SK00325', NULL, '11', '88', '742819471'),
('mrożonki', 'Kielce', 'Jaworzno', '01-04-2020', 'SK31221', 'wymaga oczenikania', '3', '88', '102181442'),
('mrożonki', 'Elbląg', 'Katowice', '01-04-2020', 'SK10A83', NULL, '6', '88', '842123511'),
('drewno', 'Bytom', 'Sosnowiec', '02-04-2020', 'SK43152', NULL, '7', '89', '391746183'),
('części samochodowe', 'Katowice', 'Tarnów', '02-04-2020', 'SK00325', NULL, '8', '89', '799736180'),
('melale gospodarcze', 'Tarnobrzeg', 'Gniezno', '02-04-2020', 'SK31221', 'przejazd skontorlowany przez inspekcje', '11', '89', '472649174'),
('alkochol', 'Slupsk', 'Bielsko-Biala', '02-04-2020', 'SK10A83', NULL, '3', '89', '392740174'),
('sprzęt budowlany', 'Katowice', 'Piaseczno', '02-04-2020', 'SK43152', NULL, '6', '89', '742819471'),
('sammochody', 'Siemianowice Śląskie', 'Koszalin', '02-04-2020', 'SK00325', 'wymaga oczenikania', '7', '89', '102181442'),
('części samolotowe', 'Jaworzno', 'Opole', '03-04-2020', 'SK31221', NULL, '8', '90', '842123511'),
('melale gospodarcze', 'Jaworzno', 'Świętochlowice', '03-04-2020', 'SK10A83', 'wymaga oczenikania', '11', '90', '391746183'),
('AGD', 'Zielona Góra', 'Poznań', '03-04-2020', 'SK43152', 'przewóz specialny', '3', '90', '799736180'),
('PDK (produkty dużej komsumpcji)', 'Siemianowice Śląskie', 'Katowice', '04-04-2020', 'SK00325', 'przejazd z mandatem karnym', '6', '91', '472649174'),
('PDK (produkty dużej komsumpcji)', 'Rumia', 'Jaworzno', '04-04-2020', 'SK31221', 'wymaga oczenikania', '7', '91', '392740174'),
('sprzęt budowlany', 'Jaworzno', 'Katowice', '04-04-2020', 'SK10A83', 'zlecenie piorytetowe', '8', '91', '742819471'),
('napoje', 'Gliwice', 'Katowice', '04-04-2020', 'SK43152', NULL, '11', '91', '102181442'),
('RTV', 'Gliwice', 'Stalowa Wola', '04-04-2020', 'SK00325', 'wymaga oczenikania', '3', '91', '842123511'),
('sammochody', 'Bydgoszcz', 'Konin', '06-04-2020', 'SK31221', 'przejazd z mandatem karnym', '6', '93', '391746183'),
('napoje', 'Tomaszów Mazowiecki', 'Sosnowiec', '06-04-2020', 'SK10A83', 'wymaga oczenikania', '7', '93', '799736180'),
('drewno', 'Zabrze', 'Pila', '06-04-2020', 'SK43152', NULL, '8', '93', '472649174'),
('RTV', 'Katowice', 'Pila', '06-04-2020', 'SK00325', 'przewóz specialny', '11', '93', '392740174'),
('mrożonki', 'Jaworzno', 'Gdańsk', '06-04-2020', 'SK31221', 'wymaga oczenikania', '3', '93', '742819471'),
('części samolotowe', 'Sosnowiec', 'Katowice', '07-04-2020', 'SK10A83', NULL, '6', '94', '102181442'),
('alkochol', 'Lubin', 'Gliwice', '07-04-2020', 'SK43152', NULL, '7', '94', '842123511'),
('części samolotowe', 'Katowice', 'Przemyśl', '07-04-2020', 'SK00325', 'przejazd skontorlowany przez inspekcje', '8', '94', '391746183'),
('napoje', 'Katowice', 'Katowice', '08-04-2020', 'SK31221', 'wymaga oczenikania', '11', '95', '799736180'),
('PDK (produkty dużej komsumpcji)', 'Lomża', 'Sosnowiec', '08-04-2020', 'SK10A83', NULL, '3', '95', '472649174'),
('melale gospodarcze', 'Siemianowice Śląskie', 'Jelenia Góra', '08-04-2020', 'SK43152', NULL, '6', '95', '392740174'),
('części samochodowe', 'Warszawa', 'Ruda Śląska', '08-04-2020', 'SK00325', NULL, '7', '95', '742819471'),
('alkochol', 'Katowice', 'Grudziądz', '08-04-2020', 'SK31221', 'zlecenie piorytetowe', '8', '95', '102181442'),
('sammochody', 'Jelenia Góra', 'Grudziądz', '09-04-2020', 'SK10A83', 'przejazd skontorlowany przez inspekcje', '11', '96', '842123511'),
('części samolotowe', 'Katowice', 'Racibórz', '09-04-2020', 'SK43152', NULL, '3', '96', '391746183'),
('warzywa', 'Katowice', 'Tarnowskie Góry', '09-04-2020', 'SK00325', 'przejazd z mandatem karnym', '6', '96', '799736180'),
('PDK (produkty dużej komsumpcji)', 'Tarnowskie Góry', 'Jaworzno', '09-04-2020', 'SK31221', NULL, '7', '96', '472649174'),
('melale gospodarcze', 'Wroclaw', 'Katowice', '09-04-2020', 'SK10A83', NULL, '8', '96', '392740174'),
('AGD', 'Ruda Śląska', 'Zabrze', '10-04-2020', 'SK43152', NULL, '11', '97', '742819471'),
('papier', 'Będzin', 'Katowice', '11-04-2020', 'SK00325', NULL, '3', '98', '102181442'),
('plastiki', 'Katowice', 'Ruda Śląska', '11-04-2020', 'SK31221', NULL, '6', '98', '842123511'),
('części samochodowe', 'Kielce', 'Jaworzno', '11-04-2020', 'SK10A83', NULL, '7', '98', '391746183'),
('AGD', 'Pila', 'Gliwice', '11-04-2020', 'SK43152', NULL, '8', '98', '799736180'),
('AGD', 'Tomaszów Mazowiecki', 'Ruda Śląska', '12-04-2020', 'SK00325', NULL, '11', '99', '472649174'),
('warzywa', 'Lomża', 'Siemianowice Śląskie', '12-04-2020', 'SK31221', 'przejazd skontorlowany przez inspekcje', '3', '99', '392740174'),
('warzywa', 'Zabrze', 'Katowice', '12-04-2020', 'SK10A83', NULL, '6', '99', '742819471'),
('warzywa', 'Katowice', 'Gliwice', '13-04-2020', 'SK43152', 'wymaga oczenikania', '7', '100', '102181442'),
('napoje', 'Wroclaw', 'Ruda Śląska', '13-04-2020', 'SK00325', 'zlecenie piorytetowe', '8', '100', '842123511'),
('alkochol', 'Jaworzno', 'Ruda Śląska', '13-04-2020', 'SK31221', 'zlecenie piorytetowe', '11', '100', '391746183'),
('plastiki', 'Sosnowiec', 'Jaworzno', '13-04-2020', 'SK10A83', 'wymaga oczenikania', '3', '100', '799736180'),
('melale gospodarcze', 'Ruda Śląska', 'Starogard Gdański', '13-04-2020', 'SK43152', NULL, '6', '100', '472649174'),
('plastiki', 'Walbrzych', 'Bydgoszcz', '14-04-2020', 'SK00325', NULL, '7', '101', '392740174'),
('AGD', 'Katowice', 'Sosnowiec', '14-04-2020', 'SK31221', 'przejazd skontorlowany przez inspekcje', '8', '101', '742819471'),
('sprzęt budowlany', 'Żory', 'Gliwice', '14-04-2020', 'SK10A83', 'wymaga oczenikania', '11', '101', '102181442'),
('części samolotowe', 'Katowice', 'Bielsko-Biala', '14-04-2020', 'SK43152', 'zlecenie piorytetowe', '3', '101', '842123511'),
('melale gospodarcze', 'Rzeszów', 'Szczecin', '15-04-2020', 'SK00325', NULL, '6', '102', '391746183'),
('alkochol', 'Katowice', 'Wroclaw', '15-04-2020', 'SK31221', 'wymaga oczenikania', '7', '102', '799736180'),
('warzywa', 'Ruda Śląska', 'Katowice', '15-04-2020', 'SK10A83', NULL, '8', '102', '472649174'),
('papier', 'Starachowice', 'Katowice', '15-04-2020', 'SK43152', 'przejazd z mandatem karnym', '11', '102', '392740174'),
('sammochody', 'Katowice', 'Jaworzno', '15-04-2020', 'SK00325', NULL, '3', '102', '742819471'),
('melale gospodarcze', 'Suwalki', 'Starachowice', '15-04-2020', 'SK31221', NULL, '6', '102', '102181442'),
('sammochody', 'Siemianowice Śląskie', 'Katowice', '16-04-2020', 'SK10A83', 'wymaga oczenikania', '7', '103', '842123511'),
('plastiki', 'Katowice', 'Katowice', '16-04-2020', 'SK43152', NULL, '8', '103', '391746183'),
('sammochody', 'Katowice', 'Grudziądz', '16-04-2020', 'SK00325', NULL, '11', '103', '799736180'),
('RTV', 'Jaworzno', 'Gliwice', '16-04-2020', 'SK31221', NULL, '3', '103', '472649174'),
('sammochody', 'Walbrzych', 'Katowice', '17-04-2020', 'SK10A83', 'wymaga oczenikania', '6', '104', '392740174'),
('części samolotowe', 'Będzin', 'Radom', '17-04-2020', 'SK43152', 'wymaga oczenikania', '7', '104', '742819471'),
('AGD', 'Zawiercie', 'Siemianowice Śląskie', '17-04-2020', 'SK00325', NULL, '8', '104', '102181442'),
('RTV', 'Jaworzno', 'Zabrze', '17-04-2020', 'SK31221', NULL, '11', '104', '842123511'),
('części samochodowe', 'Bielsko-Biala', 'Zgierz', '18-04-2020', 'SK10A83', NULL, '3', '105', '391746183'),
('drewno', 'Sosnowiec', 'Starogard Gdański', '18-04-2020', 'SK43152', NULL, '6', '105', '799736180'),
('alkochol', 'Elk', 'Ruda Śląska', '18-04-2020', 'SK00325', 'przewóz specialny', '7', '105', '472649174'),
('części do maszyn budowlanych', 'Tarnów', 'Częstochowa', '18-04-2020', 'SK31221', NULL, '8', '105', '392740174'),
('alkochol', 'Gliwice', 'Katowice', '19-04-2020', 'SK10A83', NULL, '11', '106', '742819471'),
('melale gospodarcze', 'Biala Podlaska', 'Elk', '19-04-2020', 'SK43152', 'przejazd z mandatem karnym', '3', '106', '102181442'),
('napoje', 'Katowice', 'Gliwice', '19-04-2020', 'SK00325', NULL, '6', '106', '842123511'),
('plastiki', 'Ruda Śląska', 'Katowice', '19-04-2020', 'SK31221', 'wymaga oczenikania', '7', '106', '391746183'),
('drewno', 'Siemianowice Śląskie', 'Starachowice', '19-04-2020', 'SK10A83', NULL, '8', '106', '799736180'),
('melale gospodarcze', 'Częstochowa', 'Katowice', '19-04-2020', 'SK43152', NULL, '11', '106', '472649174'),
('sprzęt budowlany', 'Katowice', 'Gniezno', '20-04-2020', 'SK00325', NULL, '3', '107', '392740174'),
('papier', 'Rzeszów', 'Ruda Śląska', '20-04-2020', 'SK31221', NULL, '6', '107', '742819471'),
('RTV', 'Toruń', 'Bialystok', '20-04-2020', 'SK10A83', 'wymaga oczenikania', '7', '107', '102181442'),
('sammochody', 'Bielsko-Biala', 'Ruda Śląska', '20-04-2020', 'SK43152', NULL, '8', '107', '842123511'),
('mrożonki', 'Pruszków', 'Katowice', '20-04-2020', 'SK00325', NULL, '11', '107', '391746183'),
('alkochol', 'Gliwice', 'Sosnowiec', '21-04-2020', 'SK31221', 'wymaga oczenikania', '3', '108', '799736180'),
('PDK (produkty dużej komsumpcji)', 'Siemianowice Śląskie', 'Sosnowiec', '21-04-2020', 'SK10A83', NULL, '6', '108', '472649174'),
('RTV', 'Poznań', 'Katowice', '21-04-2020', 'SK43152', 'przejazd skontorlowany przez inspekcje', '7', '108', '392740174'),
('drewno', 'Jaworzno', 'Tomaszów Mazowiecki', '21-04-2020', 'SK00325', NULL, '8', '108', '742819471'),
('papier', 'Jaworzno', 'Mielec', '21-04-2020', 'SK31221', NULL, '11', '108', '102181442'),
('sammochody', 'Katowice', 'Katowice', '22-04-2020', 'SK10A83', NULL, '3', '109', '842123511'),
('sprzęt budowlany', 'Gliwice', 'Gliwice', '22-04-2020', 'SK43152', NULL, '6', '109', '391746183'),
('napoje', 'Olsztyn', 'Katowice', '22-04-2020', 'SK00325', 'wymaga oczenikania', '7', '109', '799736180'),
('papier', 'Ruda Śląska', 'Jaworzno', '22-04-2020', 'SK31221', 'zlecenie piorytetowe', '8', '109', '472649174'),
('mrożonki', 'Dąbrowa Górnicza', 'Katowice', '23-04-2020', 'SK10A83', NULL, '11', '110', '392740174'),
('plastiki', 'Sosnowiec', 'Świętochlowice', '23-04-2020', 'SK43152', 'wymaga oczenikania', '3', '110', '742819471'),
('alkochol', 'Siemianowice Śląskie', 'Jelenia Góra', '23-04-2020', 'SK00325', 'przejazd z mandatem karnym', '6', '110', '102181442'),
('melale gospodarcze', 'Katowice', 'Katowice', '23-04-2020', 'SK31221', 'wymaga oczenikania', '7', '110', '842123511'),
('części samochodowe', 'Katowice', 'Katowice', '24-04-2020', 'SK10A83', 'wymaga oczenikania', '8', '111', '391746183'),
('części do maszyn budowlanych', 'Bielsko-Biala', 'Ostrolęka', '24-04-2020', 'SK43152', NULL, '11', '111', '799736180'),
('drewno', 'Legnica', 'Radomsko', '24-04-2020', 'SK00325', NULL, '3', '111', '472649174'),
('sammochody', 'Katowice', 'Katowice', '24-04-2020', 'SK31221', 'wymaga oczenikania', '6', '111', '392740174'),
('AGD', 'Sosnowiec', 'Jaworzno', '25-04-2020', 'SK10A83', 'wymaga oczenikania', '7', '112', '742819471'),
('sammochody', 'Siemianowice Śląskie', 'Katowice', '25-04-2020', 'SK43152', NULL, '8', '112', '102181442'),
('RTV', 'Gorzów Wielkopolski', 'Jastrzębie-Zdrój', '25-04-2020', 'SK00325', NULL, '11', '112', '842123511'),
('drewno', 'Będzin', 'Biala Podlaska', '26-04-2020', 'SK31221', NULL, '3', '113', '391746183'),
('papier', 'Bielsko-Biala', 'Sosnowiec', '26-04-2020', 'SK10A83', 'wymaga oczenikania', '6', '113', '799736180'),
('warzywa', 'Katowice', 'Sosnowiec', '26-04-2020', 'SK43152', 'zlecenie piorytetowe', '7', '113', '472649174'),
('sprzęt budowlany', 'Myslowice', 'Starachowice', '26-04-2020', 'SK00325', 'zlecenie piorytetowe', '8', '113', '392740174'),
('sprzęt budowlany', 'Jelenia Góra', 'Ruda Śląska', '26-04-2020', 'SK31221', NULL, '11', '113', '742819471'),
('drewno', 'Jaworzno', 'Ostrolęka', '26-04-2020', 'SK10A83', NULL, '3', '113', '102181442'),
('napoje', 'Rybnik', 'Starachowice', '27-04-2020', 'SK43152', 'przewóz specialny', '6', '114', '842123511'),
('melale gospodarcze', 'Kędzierzyn-Koźle', 'Katowice', '27-04-2020', 'SK00325', NULL, '7', '114', '391746183'),
('alkochol', 'Zabrze', 'Katowice', '27-04-2020', 'SK31221', 'zlecenie piorytetowe', '8', '114', '799736180'),
('alkochol', 'Gliwice', 'Ostrów', '27-04-2020', 'SK10A83', NULL, '11', '114', '472649174'),
('melale gospodarcze', 'Gliwice', 'Katowice', '27-04-2020', 'SK43152', NULL, '3', '114', '392740174'),
('papier', 'Katowice', 'Sosnowiec', '28-04-2020', 'SK00325', NULL, '6', '115', '742819471'),
('papier', 'Pruszków', 'Katowice', '28-04-2020', 'SK31221', 'wymaga oczenikania', '7', '115', '102181442'),
('papier', 'Opole', 'Tarnobrzeg', '28-04-2020', 'SK10A83', NULL, '8', '115', '842123511'),
('melale gospodarcze', 'Gliwice', 'Pulawy', '28-04-2020', 'SK43152', NULL, '11', '115', '391746183'),
('sprzęt budowlany', 'Sosnowiec', 'Katowice', '29-04-2020', 'SK00325', 'zlecenie piorytetowe', '3', '116', '799736180'),
('RTV', 'Sosnowiec', 'Stalowa Wola', '29-04-2020', 'SK31221', NULL, '6', '116', '472649174'),
('sammochody', 'Sosnowiec', 'Siemianowice Śląskie', '29-04-2020', 'SK10A83', 'przejazd z mandatem karnym', '7', '116', '392740174'),
('alkochol', 'Suwalki', 'Suwalki', '30-04-2020', 'SK43152', 'przewóz specialny', '8', '117', '742819471'),
('PDK (produkty dużej komsumpcji)', 'Gliwice', 'Jaworzno', '30-04-2020', 'SK00325', 'wymaga oczenikania', '11', '117', '102181442'),
('PDK (produkty dużej komsumpcji)', 'lódź', 'Katowice', '30-04-2020', 'SK31221', NULL, '3', '117', '842123511'),
('RTV', 'Kędzierzyn-Koźle', 'Katowice', '30-04-2020', 'SK10A83', 'wymaga oczenikania', '6', '117', '391746183'),
('części do maszyn budowlanych', 'Szczecin', 'Siemianowice Śląskie', '30-04-2020', 'SK43152', NULL, '7', '117', '799736180'),
('AGD', 'Zgierz', 'Częstochowa', '01-05-2020', 'SK00325', 'przejazd skontorlowany przez inspekcje', '8', '118', '472649174'),
('drewno', 'Siemianowice Śląskie', 'Bielsko-Biala', '01-05-2020', 'SK31221', 'wymaga oczenikania', '11', '118', '392740174'),
('drewno', 'Ruda Śląska', 'Rzeszów', '01-05-2020', 'SK10A83', 'wymaga oczenikania', '3', '118', '742819471'),
('alkochol', 'Katowice', 'Katowice', '02-05-2020', 'SK43152', 'przejazd skontorlowany przez inspekcje', '6', '119', '102181442'),
('papier', 'Kalisz', 'Jaworzno', '02-05-2020', 'SK00325', NULL, '7', '119', '842123511'),
('warzywa', 'Gdynia', 'Warszawa', '02-05-2020', 'SK31221', NULL, '8', '119', '391746183'),
('plastiki', 'Bielsko-Biala', 'Pila', '02-05-2020', 'SK10A83', 'zlecenie piorytetowe', '11', '119', '799736180'),
('AGD', 'Sosnowiec', 'Gdańsk', '02-05-2020', 'SK43152', 'przejazd z mandatem karnym', '3', '119', '472649174'),
('AGD', 'Jaworzno', 'Elk', '02-05-2020', 'SK00325', 'przewóz specialny', '6', '119', '392740174'),
('melale gospodarcze', 'Wloclawek', 'Katowice', '03-05-2020', 'SK31221', 'przejazd skontorlowany przez inspekcje', '7', '120', '742819471'),
('sammochody', 'Ruda Śląska', 'Konin', '03-05-2020', 'SK10A83', NULL, '8', '120', '102181442'),
('RTV', 'Wloclawek', 'Świdnica', '03-05-2020', 'SK43152', NULL, '11', '120', '842123511'),
('części samolotowe', 'Sosnowiec', 'Katowice', '03-05-2020', 'SK00325', NULL, '3', '120', '391746183'),
('AGD', 'Bytom', 'Jaworzno', '03-05-2020', 'SK31221', NULL, '6', '120', '799736180'),
('drewno', 'Toruń', 'Jelenia Góra', '04-05-2020', 'SK10A83', NULL, '7', '121', '472649174'),
('PDK (produkty dużej komsumpcji)', 'Częstochowa', 'Sosnowiec', '04-05-2020', 'SK43152', NULL, '8', '121', '392740174'),
('napoje', 'Koszalin', 'Gliwice', '04-05-2020', 'SK00325', NULL, '11', '121', '742819471'),
('alkochol', 'Sosnowiec', 'Wroclaw', '04-05-2020', 'SK31221', 'przewóz specialny', '3', '121', '102181442'),
('PDK (produkty dużej komsumpcji)', 'Jaworzno', 'Siemianowice Śląskie', '04-05-2020', 'SK10A83', NULL, '6', '121', '842123511'),
('sammochody', 'Przemyśl', 'Żory', '05-05-2020', 'SK43152', NULL, '7', '122', '391746183'),
('RTV', 'Radomsko', 'Stalowa Wola', '05-05-2020', 'SK00325', 'wymaga oczenikania', '8', '122', '799736180'),
('plastiki', 'Katowice', 'Katowice', '05-05-2020', 'SK31221', NULL, '11', '122', '472649174'),
('papier', 'Katowice', 'Katowice', '05-05-2020', 'SK10A83', NULL, '3', '122', '392740174'),
('części samochodowe', 'Katowice', 'Gliwice', '06-05-2020', 'SK43152', 'wymaga oczenikania', '6', '123', '742819471'),
('warzywa', 'Kolobrzeg', 'Ruda Śląska', '06-05-2020', 'SK00325', NULL, '7', '123', '102181442'),
('papier', 'Piaseczno', 'Katowice', '06-05-2020', 'SK31221', 'przejazd skontorlowany przez inspekcje', '8', '123', '842123511'),
('plastiki', 'Stargard', 'Elk', '06-05-2020', 'SK10A83', 'przejazd z mandatem karnym', '11', '123', '391746183'),
('alkochol', 'Siemianowice Śląskie', 'Ruda Śląska', '06-05-2020', 'SK43152', 'przejazd skontorlowany przez inspekcje', '3', '123', '799736180'),
('mrożonki', 'Sosnowiec', 'Ruda Śląska', '07-05-2020', 'SK00325', NULL, '6', '124', '472649174'),
('melale gospodarcze', 'Rzeszów', 'Katowice', '07-05-2020', 'SK31221', NULL, '7', '124', '392740174'),
('AGD', 'Katowice', 'Siemianowice Śląskie', '07-05-2020', 'SK10A83', 'przejazd skontorlowany przez inspekcje', '8', '124', '742819471'),
('mrożonki', 'Kędzierzyn-Koźle', 'Chorzów', '07-05-2020', 'SK43152', 'przejazd skontorlowany przez inspekcje', '11', '124', '102181442'),
('alkochol', 'Mielec', 'Sosnowiec', '08-05-2020', 'SK00325', NULL, '3', '125', '842123511'),
('sprzęt budowlany', 'Wroclaw', 'Jastrzębie-Zdrój', '08-05-2020', 'SK31221', 'wymaga oczenikania', '6', '125', '391746183'),
('części samolotowe', 'Ruda Śląska', 'Gliwice', '08-05-2020', 'SK10A83', NULL, '7', '125', '799736180'),
('melale gospodarcze', 'Zabrze', 'Gniezno', '08-05-2020', 'SK43152', 'wymaga oczenikania', '8', '125', '472649174'),
('części samolotowe', 'Jelenia Góra', 'Świętochlowice', '08-05-2020', 'SK00325', 'przejazd skontorlowany przez inspekcje', '11', '125', '392740174'),
('sprzęt budowlany', 'Jaworzno', 'Sosnowiec', '09-05-2020', 'SK31221', 'wymaga oczenikania', '3', '126', '742819471'),
('warzywa', 'Żory', 'Gliwice', '09-05-2020', 'SK10A83', 'przejazd skontorlowany przez inspekcje', '6', '126', '102181442'),
('części do maszyn budowlanych', 'Będzin', 'Katowice', '09-05-2020', 'SK43152', NULL, '7', '126', '842123511'),
('RTV', 'Ruda Śląska', 'Grudziądz', '09-05-2020', 'SK00325', NULL, '8', '126', '391746183'),
('alkochol', 'Gdynia', 'Siemianowice Śląskie', '10-05-2020', 'SK31221', 'zlecenie piorytetowe', '11', '127', '799736180'),
('napoje', 'Tarnowskie Góry', 'Pabianice', '10-05-2020', 'SK10A83', NULL, '3', '127', '472649174'),
('warzywa', 'Myslowice', 'Poznań', '10-05-2020', 'SK43152', NULL, '6', '127', '392740174'),
('części samolotowe', 'Katowice', 'Jaworzno', '10-05-2020', 'SK00325', 'przejazd z mandatem karnym', '7', '127', '742819471'),
('drewno', 'Ruda Śląska', 'Katowice', '10-05-2020', 'SK31221', 'przejazd z mandatem karnym', '8', '127', '102181442'),
('PDK (produkty dużej komsumpcji)', 'Katowice', 'Sosnowiec', '11-05-2020', 'SK10A83', NULL, '11', '128', '842123511'),
('mrożonki', 'Tarnów', 'Katowice', '11-05-2020', 'SK43152', NULL, '3', '128', '391746183'),
('części do maszyn budowlanych', 'Biala Podlaska', 'Katowice', '11-05-2020', 'SK00325', NULL, '6', '128', '799736180'),
('melale gospodarcze', 'Jaworzno', 'Katowice', '12-05-2020', 'SK31221', NULL, '7', '129', '472649174'),
('melale gospodarcze', 'Gniezno', 'Ruda Śląska', '12-05-2020', 'SK10A83', NULL, '8', '129', '392740174'),
('części samolotowe', 'Katowice', 'Gliwice', '12-05-2020', 'SK43152', 'wymaga oczenikania', '11', '129', '742819471'),
('części do maszyn budowlanych', 'Inowroclaw', 'Chorzów', '12-05-2020', 'SK00325', NULL, '3', '129', '102181442'),
('części samolotowe', 'Gliwice', 'Ruda Śląska', '13-05-2020', 'SK31221', NULL, '6', '130', '842123511'),
('PDK (produkty dużej komsumpcji)', 'Katowice', 'Ruda Śląska', '13-05-2020', 'SK10A83', NULL, '7', '130', '391746183'),
('alkochol', 'Sosnowiec', 'Jelenia Góra', '13-05-2020', 'SK43152', 'przejazd z mandatem karnym', '8', '130', '799736180'),
('drewno', 'Chelm', 'Mielec', '13-05-2020', 'SK00325', NULL, '11', '130', '472649174'),
('sprzęt budowlany', 'Warszawa', 'Tomaszów Mazowiecki', '14-05-2020', 'SK31221', NULL, '3', '131', '392740174'),
('części samolotowe', 'Ruda Śląska', 'Ruda Śląska', '14-05-2020', 'SK10A83', 'wymaga oczenikania', '6', '131', '742819471'),
('AGD', 'Katowice', 'Wodzislaw Śląski', '14-05-2020', 'SK43152', NULL, '7', '131', '102181442'),
('drewno', 'Pruszków', 'Ruda Śląska', '14-05-2020', 'SK00325', NULL, '8', '131', '842123511'),
('AGD', 'Lomża', 'Siemianowice Śląskie', '14-05-2020', 'SK31221', NULL, '11', '131', '391746183'),
('papier', 'Walbrzych', 'Jaworzno', '15-05-2020', 'SK10A83', NULL, '3', '132', '799736180'),
('warzywa', 'Ruda Śląska', 'Leszno', '15-05-2020', 'SK43152', NULL, '6', '132', '472649174'),
('sprzęt budowlany', 'Sosnowiec', 'Ruda Śląska', '15-05-2020', 'SK00325', 'zlecenie piorytetowe', '7', '132', '392740174'),
('drewno', 'Tarnobrzeg', 'Chorzów', '15-05-2020', 'SK31221', NULL, '8', '132', '742819471'),
('drewno', 'Wroclaw', 'Tczew', '15-05-2020', 'SK10A83', NULL, '11', '132', '102181442'),
('mrożonki', 'Szczecin', 'Ruda Śląska', '16-05-2020', 'SK43152', NULL, '3', '133', '842123511'),
('mrożonki', 'Bielsko-Biala', 'Katowice', '16-05-2020', 'SK00325', 'przejazd z mandatem karnym', '6', '133', '391746183'),
('AGD', 'Kraków', 'Katowice', '16-05-2020', 'SK31221', 'wymaga oczenikania', '7', '133', '799736180'),
('części samochodowe', 'Bialystok', 'Bielsko-Biala', '16-05-2020', 'SK10A83', NULL, '8', '133', '472649174'),
('RTV', 'Będzin', 'Kraków', '16-05-2020', 'SK43152', 'wymaga oczenikania', '11', '133', '392740174'),
('sprzęt budowlany', 'Gniezno', 'Ruda Śląska', '17-05-2020', 'SK00325', NULL, '3', '134', '742819471'),
('części do maszyn budowlanych', 'Lubin', 'Bielsko-Biala', '19-05-2020', 'SK31221', NULL, '6', '136', '102181442'),
('części do maszyn budowlanych', 'Ruda Śląska', 'Pulawy', '19-05-2020', 'SK10A83', 'wymaga oczenikania', '7', '136', '842123511'),
('RTV', 'Katowice', 'Katowice', '19-05-2020', 'SK43152', NULL, '8', '136', '391746183'),
('części samolotowe', 'Jaworzno', 'Chorzów', '19-05-2020', 'SK00325', NULL, '11', '136', '799736180'),
('alkochol', 'Gliwice', 'Leszno', '19-05-2020', 'SK31221', NULL, '3', '136', '472649174'),
('warzywa', 'Katowice', 'Jaworzno', '20-05-2020', 'SK10A83', NULL, '6', '137', '392740174'),
('części samochodowe', 'Bielsko-Biala', 'Glogów', '20-05-2020', 'SK43152', NULL, '7', '137', '742819471'),
('alkochol', 'Bialystok', 'Gorzów Wielkopolski', '20-05-2020', 'SK00325', NULL, '8', '137', '102181442'),
('RTV', 'Radom', 'Katowice', '20-05-2020', 'SK31221', NULL, '11', '137', '842123511'),
('drewno', 'Katowice', 'Katowice', '20-05-2020', 'SK10A83', 'przejazd skontorlowany przez inspekcje', '3', '137', '391746183'),
('melale gospodarcze', 'Belchatów', 'Kraków', '20-05-2020', 'SK43152', NULL, '6', '137', '799736180'),
('plastiki', 'Poznań', 'Ruda Śląska', '21-05-2020', 'SK00325', NULL, '7', '138', '472649174'),
('sammochody', 'Katowice', 'Krosno', '21-05-2020', 'SK31221', 'wymaga oczenikania', '8', '138', '392740174'),
('plastiki', 'Stargard', 'Jaworzno', '21-05-2020', 'SK10A83', NULL, '11', '138', '742819471'),
('PDK (produkty dużej komsumpcji)', 'Lublin', 'Katowice', '21-05-2020', 'SK43152', NULL, '3', '138', '102181442'),
('napoje', 'Radom', 'Katowice', '21-05-2020', 'SK00325', 'wymaga oczenikania', '6', '138', '842123511'),
('napoje', 'Gliwice', 'Bydgoszcz', '23-05-2020', 'SK31221', NULL, '7', '140', '391746183'),
('drewno', 'Siedlce', 'Rybnik', '23-05-2020', 'SK10A83', NULL, '8', '140', '799736180'),
('alkochol', 'Katowice', 'Sosnowiec', '23-05-2020', 'SK43152', NULL, '11', '140', '472649174'),
('części do maszyn budowlanych', 'Gliwice', 'Gdynia', '23-05-2020', 'SK00325', 'wymaga oczenikania', '3', '140', '392740174'),
('plastiki', 'Walbrzych', 'Gliwice', '24-05-2020', 'SK31221', 'wymaga oczenikania', '6', '141', '742819471'),
('RTV', 'Kalisz', 'Gliwice', '24-05-2020', 'SK10A83', NULL, '7', '141', '102181442'),
('warzywa', 'Bydgoszcz', 'Jastrzębie-Zdrój', '24-05-2020', 'SK43152', NULL, '8', '141', '842123511'),
('AGD', 'Biala Podlaska', 'Piotrków', '24-05-2020', 'SK00325', NULL, '11', '141', '391746183'),
('sammochody', 'Jaworzno', 'Katowice', '24-05-2020', 'SK31221', NULL, '3', '141', '799736180'),
('części samochodowe', 'Radom', 'Katowice', '25-05-2020', 'SK10A83', 'zlecenie piorytetowe', '6', '142', '472649174'),
('sammochody', 'Ruda Śląska', 'Ruda Śląska', '25-05-2020', 'SK43152', 'zlecenie piorytetowe', '7', '142', '392740174'),
('warzywa', 'Jaworzno', 'Zawiercie', '25-05-2020', 'SK00325', 'wymaga oczenikania', '8', '142', '742819471'),
('sammochody', 'Katowice', 'Katowice', '25-05-2020', 'SK31221', 'wymaga oczenikania', '11', '142', '102181442'),
('części samochodowe', 'Siemianowice Śląskie', 'Jaworzno', '26-05-2020', 'SK10A83', NULL, '3', '143', '842123511'),
('mrożonki', 'Jaworzno', 'Gniezno', '26-05-2020', 'SK43152', 'przewóz specialny', '6', '143', '391746183'),
('PDK (produkty dużej komsumpcji)', 'Katowice', 'Dąbrowa Górnicza', '26-05-2020', 'SK00325', 'przewóz specialny', '7', '143', '799736180'),
('sammochody', 'Inowroclaw', 'Katowice', '26-05-2020', 'SK31221', NULL, '8', '143', '472649174'),
('melale gospodarcze', 'Katowice', 'Sosnowiec', '26-05-2020', 'SK10A83', NULL, '11', '143', '392740174'),
('części samolotowe', 'Katowice', 'Mielec', '27-05-2020', 'SK43152', NULL, '3', '144', '742819471'),
('części samolotowe', 'Gliwice', 'Gniezno', '27-05-2020', 'SK00325', 'zlecenie piorytetowe', '6', '144', '102181442'),
('warzywa', 'Suwalki', 'Jaworzno', '27-05-2020', 'SK31221', NULL, '7', '144', '842123511'),
('części samochodowe', 'Gliwice', 'Świdnica', '28-05-2020', 'SK10A83', NULL, '8', '145', '391746183'),
('sprzęt budowlany', 'Koszalin', 'Rybnik', '28-05-2020', 'SK43152', 'przejazd skontorlowany przez inspekcje', '11', '145', '799736180'),
('sprzęt budowlany', 'Sosnowiec', 'Rumia', '28-05-2020', 'SK00325', 'przejazd skontorlowany przez inspekcje', '3', '145', '472649174'),
('papier', 'Zawiercie', 'Pabianice', '28-05-2020', 'SK31221', NULL, '6', '145', '392740174'),
('części samolotowe', 'Skarżysko-Kamienna', 'Suwalki', '28-05-2020', 'SK10A83', 'zlecenie piorytetowe', '7', '145', '742819471'),
('części samochodowe', 'Jaworzno', 'Siemianowice Śląskie', '29-05-2020', 'SK43152', 'przewóz specialny', '8', '146', '102181442'),
('mrożonki', 'Sosnowiec', 'Skarżysko-Kamienna', '29-05-2020', 'SK00325', NULL, '11', '146', '842123511'),
('RTV', 'Ruda Śląska', 'Będzin', '29-05-2020', 'SK31221', NULL, '3', '146', '391746183'),
('części samochodowe', 'Ostrolęka', 'Gniezno', '29-05-2020', 'SK10A83', NULL, '6', '146', '799736180'),
('AGD', 'Gliwice', 'Siedlce', '29-05-2020', 'SK43152', 'wymaga oczenikania', '7', '146', '472649174'),
('drewno', 'Siemianowice Śląskie', 'Świętochlowice', '30-05-2020', 'SK00325', NULL, '8', '147', '392740174'),
('alkochol', 'Bielsko-Biala', 'Rumia', '30-05-2020', 'SK31221', 'przejazd skontorlowany przez inspekcje', '11', '147', '742819471'),
('mrożonki', 'Ostrowiec Świętokrzyski', 'Legionowo', '30-05-2020', 'SK10A83', 'wymaga oczenikania', '3', '147', '102181442'),
('plastiki', 'Jaworzno', 'Katowice', '31-05-2020', 'SK43152', NULL, '6', '148', '842123511'),
('PDK (produkty dużej komsumpcji)', 'Sosnowiec', 'Ruda Śląska', '31-05-2020', 'SK00325', NULL, '7', '148', '391746183'),
('alkochol', 'Lomża', 'Katowice', '31-05-2020', 'SK31221', NULL, '8', '148', '799736180'),
('części samochodowe', 'Wroclaw', 'Katowice', '31-05-2020', 'SK10A83', NULL, '11', '148', '472649174'),
('sammochody', 'Grudziądz', 'Lublin', '31-05-2020', 'SK43152', 'wymaga oczenikania', '3', '148', '392740174'),
('AGD', 'Będzin', 'Przemyśl', '01-06-2020', 'SK00325', NULL, '6', '149', '742819471'),
('sprzęt budowlany', 'Biala Podlaska', 'Katowice', '01-06-2020', 'SK31221', NULL, '7', '149', '102181442'),
('sammochody', 'Myslowice', 'Krosno', '01-06-2020', 'SK10A83', NULL, '8', '149', '842123511'),
('części samolotowe', 'Ostrolęka', 'Katowice', '01-06-2020', 'SK43152', NULL, '11', '149', '391746183'),
('papier', 'Bielsko-Biala', 'Sosnowiec', '02-06-2020', 'SK00325', 'zlecenie piorytetowe', '3', '150', '799736180'),
('plastiki', 'Pulawy', 'Mielec', '02-06-2020', 'SK31221', 'wymaga oczenikania', '6', '150', '472649174'),
('sammochody', 'Gliwice', 'Świdnica', '02-06-2020', 'SK10A83', 'wymaga oczenikania', '7', '150', '392740174'),
('warzywa', 'Tczew', 'Katowice', '03-06-2020', 'SK43152', NULL, '8', '151', '742819471'),
('melale gospodarcze', 'Siemianowice Śląskie', 'Katowice', '03-06-2020', 'SK00325', NULL, '11', '151', '102181442'),
('części do maszyn budowlanych', 'Gliwice', 'Gliwice', '03-06-2020', 'SK31221', 'wymaga oczenikania', '3', '151', '842123511'),
('części samochodowe', 'Katowice', 'Katowice', '03-06-2020', 'SK10A83', NULL, '6', '151', '391746183'),
('sprzęt budowlany', 'Katowice', 'Piaseczno', '03-06-2020', 'SK43152', NULL, '7', '151', '799736180'),
('części do maszyn budowlanych', 'Grudziądz', 'Bielsko-Biala', '04-06-2020', 'SK00325', NULL, '8', '152', '472649174'),
('PDK (produkty dużej komsumpcji)', 'Wejherowo', 'Radomsko', '04-06-2020', 'SK31221', NULL, '11', '152', '392740174'),
('alkochol', 'Ruda Śląska', 'Katowice', '04-06-2020', 'SK10A83', NULL, '3', '152', '742819471'),
('AGD', 'Katowice', 'Ruda Śląska', '05-06-2020', 'SK43152', 'wymaga oczenikania', '6', '153', '102181442'),
('RTV', 'Sosnowiec', 'Legionowo', '05-06-2020', 'SK00325', NULL, '7', '153', '842123511'),
('części samochodowe', 'Bydgoszcz', 'Mielec', '05-06-2020', 'SK31221', 'wymaga oczenikania', '8', '153', '391746183'),
('warzywa', 'Przemyśl', 'Siemianowice Śląskie', '05-06-2020', 'SK10A83', 'wymaga oczenikania', '11', '153', '799736180'),
('PDK (produkty dużej komsumpcji)', 'Sosnowiec', 'Świętochlowice', '05-06-2020', 'SK43152', NULL, '3', '153', '472649174'),
('drewno', 'Częstochowa', 'Jaworzno', '06-06-2020', 'SK00325', NULL, '6', '154', '392740174'),
('papier', 'Stalowa Wola', 'Katowice', '06-06-2020', 'SK31221', NULL, '7', '154', '742819471'),
('AGD', 'Racibórz', 'Katowice', '06-06-2020', 'SK10A83', NULL, '8', '154', '102181442'),
('plastiki', 'Ruda Śląska', 'Tarnobrzeg', '06-06-2020', 'SK43152', NULL, '11', '154', '842123511'),
('AGD', 'Jaworzno', 'Katowice', '07-06-2020', 'SK00325', NULL, '3', '155', '391746183'),
('części samolotowe', 'Walbrzych', 'Tychy', '07-06-2020', 'SK31221', NULL, '6', '155', '799736180'),
('mrożonki', 'Katowice', 'Piaseczno', '08-06-2020', 'SK10A83', 'wymaga oczenikania', '7', '156', '472649174'),
('warzywa', 'Katowice', 'Skarżysko-Kamienna', '08-06-2020', 'SK43152', 'zlecenie piorytetowe', '8', '156', '392740174'),
('napoje', 'Tomaszów Mazowiecki', 'Biala Podlaska', '08-06-2020', 'SK00325', 'zlecenie piorytetowe', '11', '156', '742819471'),
('sprzęt budowlany', 'Ruda Śląska', 'Jaworzno', '08-06-2020', 'SK31221', NULL, '3', '156', '102181442'),
('warzywa', 'Jaworzno', 'Slupsk', '09-06-2020', 'SK10A83', NULL, '6', '157', '842123511'),
('napoje', 'Chelm', 'Katowice', '09-06-2020', 'SK43152', NULL, '7', '157', '391746183'),
('papier', 'Gdynia', 'Gliwice', '09-06-2020', 'SK00325', 'zlecenie piorytetowe', '8', '157', '799736180'),
('papier', 'Katowice', 'Legionowo', '10-06-2020', 'SK31221', NULL, '11', '158', '472649174'),
('sprzęt budowlany', 'Katowice', 'Walbrzych', '10-06-2020', 'SK10A83', 'przejazd z mandatem karnym', '3', '158', '392740174'),
('papier', 'Wroclaw', 'Katowice', '10-06-2020', 'SK43152', NULL, '6', '158', '742819471'),
('warzywa', 'Jaworzno', 'Nowy Sącz', '11-06-2020', 'SK00325', NULL, '7', '159', '102181442'),
('drewno', 'Ruda Śląska', 'Ruda Śląska', '11-06-2020', 'SK31221', NULL, '8', '159', '842123511'),
('sammochody', 'Świętochlowice', 'Jaworzno', '11-06-2020', 'SK10A83', NULL, '11', '159', '391746183'),
('napoje', 'Tarnowskie Góry', 'Bialystok', '12-06-2020', 'SK43152', 'zlecenie piorytetowe', '3', '160', '799736180'),
('plastiki', 'Koszalin', 'Lublin', '12-06-2020', 'SK00325', NULL, '6', '160', '472649174'),
('warzywa', 'Zamość', 'Ruda Śląska', '12-06-2020', 'SK31221', NULL, '7', '160', '392740174'),
('PDK (produkty dużej komsumpcji)', 'Chorzów', 'lódź', '12-06-2020', 'SK10A83', NULL, '8', '160', '742819471'),
('melale gospodarcze', 'Grudziądz', 'Jaworzno', '12-06-2020', 'SK43152', NULL, '11', '160', '102181442'),
('papier', 'Ruda Śląska', 'Kędzierzyn-Koźle', '13-06-2020', 'SK00325', 'przejazd z mandatem karnym', '3', '161', '842123511'),
('części samolotowe', 'Będzin', 'Biala Podlaska', '13-06-2020', 'SK31221', NULL, '6', '161', '391746183'),
('warzywa', 'Sosnowiec', 'Przemyśl', '14-06-2020', 'SK10A83', NULL, '7', '162', '799736180'),
('papier', 'Jelenia Góra', 'Zawiercie', '14-06-2020', 'SK43152', NULL, '8', '162', '472649174'),
('części samolotowe', 'Ruda Śląska', 'Ruda Śląska', '14-06-2020', 'SK00325', NULL, '11', '162', '392740174'),
('części samochodowe', 'Katowice', 'Katowice', '15-06-2020', 'SK31221', NULL, '3', '163', '742819471'),
('części do maszyn budowlanych', 'Ruda Śląska', 'Walbrzych', '15-06-2020', 'SK10A83', NULL, '6', '163', '102181442'),
('napoje', 'Poznań', 'Siemianowice Śląskie', '15-06-2020', 'SK43152', 'wymaga oczenikania', '7', '163', '842123511'),
('PDK (produkty dużej komsumpcji)', 'Gliwice', 'Katowice', '15-06-2020', 'SK00325', 'przewóz specialny', '8', '163', '391746183'),
('części do maszyn budowlanych', 'Nowy Sącz', 'Katowice', '15-06-2020', 'SK31221', NULL, '11', '163', '799736180'),
('części do maszyn budowlanych', 'Jaworzno', 'Katowice', '15-06-2020', 'SK10A83', 'wymaga oczenikania', '3', '163', '472649174'),
('części do maszyn budowlanych', 'Sosnowiec', 'Sosnowiec', '16-06-2020', 'SK43152', NULL, '6', '164', '392740174'),
('RTV', 'Katowice', 'Lublin', '16-06-2020', 'SK00325', NULL, '7', '164', '742819471'),
('papier', 'Jaworzno', 'Jaworzno', '16-06-2020', 'SK31221', 'wymaga oczenikania', '8', '164', '102181442'),
('RTV', 'Kolobrzeg', 'Bielsko-Biala', '16-06-2020', 'SK10A83', NULL, '11', '164', '842123511'),
('warzywa', 'Chelm', 'Katowice', '16-06-2020', 'SK43152', NULL, '3', '164', '391746183'),
('części samolotowe', 'Sosnowiec', 'Ostrowiec Świętokrzyski', '17-06-2020', 'SK00325', NULL, '6', '165', '799736180'),
('warzywa', 'Siemianowice Śląskie', 'Gliwice', '17-06-2020', 'SK31221', NULL, '7', '165', '472649174'),
('mrożonki', 'Katowice', 'Pulawy', '17-06-2020', 'SK10A83', NULL, '8', '165', '392740174'),
('części do maszyn budowlanych', 'Gdańsk', 'Katowice', '17-06-2020', 'SK43152', NULL, '11', '165', '742819471'),
('sprzęt budowlany', 'Tarnowskie Góry', 'Ostrów', '18-06-2020', 'SK00325', NULL, '3', '166', '102181442'),
('plastiki', 'Lubin', 'Ruda Śląska', '18-06-2020', 'SK31221', 'wymaga oczenikania', '6', '166', '842123511'),
('melale gospodarcze', 'Konin', 'Piotrków', '18-06-2020', 'SK10A83', NULL, '7', '166', '391746183'),
('papier', 'Żory', 'Krosno', '18-06-2020', 'SK43152', 'wymaga oczenikania', '8', '166', '799736180'),
('drewno', 'Elk', 'Skarżysko-Kamienna', '18-06-2020', 'SK00325', NULL, '11', '166', '472649174'),
('drewno', 'Bielsko-Biala', 'Gliwice', '18-06-2020', 'SK31221', 'wymaga oczenikania', '3', '166', '392740174'),
('AGD', 'Ruda Śląska', 'Siedlce', '19-06-2020', 'SK10A83', NULL, '6', '167', '742819471'),
('PDK (produkty dużej komsumpcji)', 'Wodzislaw Śląski', 'Radom', '19-06-2020', 'SK43152', NULL, '7', '167', '102181442'),
('warzywa', 'Katowice', 'Gliwice', '19-06-2020', 'SK00325', NULL, '8', '167', '842123511'),
('części samochodowe', 'Katowice', 'Plock', '19-06-2020', 'SK31221', NULL, '11', '167', '391746183'),
('warzywa', 'Ostrów', 'Katowice', '19-06-2020', 'SK10A83', 'wymaga oczenikania', '3', '167', '799736180'),
('napoje', 'Sosnowiec', 'Kolobrzeg', '20-06-2020', 'SK00325', 'przejazd skontorlowany przez inspekcje', '11', '168', '472649174'),
('PDK (produkty dużej komsumpcji)', 'Katowice', 'Katowice', '20-06-2020', 'SK31221', 'wymaga oczenikania', '15', '168', '392740174'),
('sprzęt budowlany', 'Sosnowiec', 'Ruda Śląska', '20-06-2020', 'SK10A83', NULL, '3', '168', '742819471'),
('sprzęt budowlany', 'Toruń', 'Katowice', '20-06-2020', 'SK22391', NULL, '6', '168', '102181442');
#Dodanie tranzakcji
INSERT INTO tranzakcje(uznania, kwota)
VALUES
(0, 243.32),
(1, 315.48),
(1, 95.26),
(0, 975.68),
(1, 1490.91),
(1, 512.10),
(0, 465.15),
(1, 427.1),
(1, 58.91),
(1, 215.30),
(1, 8212.10),
(1, 1360.26),
(1, 115.93),
(1, 56.31),
(1, 1067.15),
(1, 492.93),
(1, 77.89),
(1, 145.83),
(0, 271.76),
(0, 537.61),
(1, 493.3),
(1, 502.56),
(1, 197.41),
(1, 1114.30),
(1, 525.29),
(1, 72.87),
(1, 1495.52),
(1, 345.1),
(1, 51.27),
(1, 174.54),
(1, 1000.35),
(1, 421.87),
(1, 1084.3),
(0, 192.75),
(1, 51.60),
(1, 585.70),
(1, 698.29),
(1, 508.47),
(1, 182.25),
(1, 392.89),
(1, 976.55),
(1, 174.71),
(1, 350.57),
(1, 515.84),
(1, 416.11),
(1, 235.80),
(1, 945.55),
(1, 33.43),
(1, 130.59),
(0, 349.26),
(1, 394.89),
(1, 197.10),
(1, 124.75),
(1, 271.20),
(0, 272.15),
(1, 255.77),
(1, 833.72),
(1, 597.79),
(1, 140.17),
(1, 107.97),
(0, 145.10),
(0, 469.84),
(1, 476.24),
(1, 198.44),
(1, 332.72),
(0, 411.23),
(1, 361.33),
(1, 1004.47),
(1, 247.78),
(1, 1417.92),
(1, 358.61),
(1, 470.88),
(1, 154.94),
(0, 103.39),
(1, 490.62),
(0, 331.5),
(1, 429.69),
(1, 576.85),
(0, 303.56),
(0, 78.57),
(1, 185.74),
(1, 390.30),
(1, 22.63),
(1, 575.91),
(0, 207.20),
(1, 1359.75),
(1, 127.36),
(0, 325.65),
(1, 712.34),
(1, 599.90),
(1, 272.14),
(1, 318.61),
(1, 412.47),
(1, 346.45),
(1, 136.79),
(1, 317.90),
(1, 375.21),
(1, 446.23),
(1, 357.72),
(1, 349.36),
(0, 492.38),
(0, 88.53),
(1, 383.81),
(1, 1018.47),
(0, 450.77),
(1, 333.97),
(1, 108.47),
(1, 483.9),
(0, 599.0),
(1, 696.47),
(1, 6560.48),
(1, 401.26),
(0, 1336.26),
(0, 408.58),
(0, 399.41),
(0, 351.94),
(0, 558.92),
(1, 125.86),
(1, 188.73),
(1, 95.91),
(1, 421.98),
(0, 149.19),
(1, 120.62),
(1, 364.21),
(1, 398.55),
(0, 139.37),
(0, 95.76),
(1, 89.98),
(0, 419.20),
(1, 107.39),
(1, 526.77),
(1, 313.62),
(1, 31.15),
(1, 587.11),
(1, 105.98),
(1, 429.21),
(1, 1305.76),
(1, 334.0),
(1, 761.22),
(0, 583.56),
(1, 139.57),
(1, 407.44),
(1, 371.48),
(1, 1365.4),
(1, 233.36),
(1, 395.36),
(1, 406.17),
(1, 253.37),
(1, 337.22),
(1, 1121.78),
(1, 136.52),
(1, 55.51),
(1, 751.16),
(1, 564.85),
(1, 142.39),
(1, 213.94),
(1, 776.4),
(1, 500.96),
(1, 567.29),
(1, 1135.50),
(1, 1345.8),
(1, 914.68),
(1, 351.53),
(0, 1202.98),
(1, 884.60),
(1, 586.72),
(1, 698.54),
(1, 241.65),
(1, 436.2),
(1, 939.7),
(0, 366.92),
(1, 589.87),
(0, 26.45),
(1, 75.26),
(1, 1281.38),
(1, 114.87),
(1, 316.42),
(1, 295.96),
(1, 494.27),
(0, 1150.7),
(1, 468.72),
(1, 557.12),
(0, 549.50),
(1, 14.1),
(1, 405.27),
(0, 284.16),
(1, 461.50),
(1, 267.8),
(1, 188.79),
(1, 321.50),
(0, 390.10),
(1, 63.74),
(1, 504.27),
(1, 224.65),
(0, 190.22),
(1, 562.39),
(1, 110.69),
(0, 574.17),
(1, 915.51),
(0, 307.65),
(1, 37.42),
(1, 1197.14),
(1, 569.48),
(1, 305.51),
(1, 625.92),
(0, 94.93),
(0, 139.31),
(0, 443.58),
(1, 399.12),
(1, 482.2),
(1, 33.29),
(1, 125.97),
(1, 166.78),
(1, 502.72),
(1, 401.98),
(0, 183.69),
(0, 265.59),
(1, 309.87),
(1, 8508.97),
(1, 418.36),
(1, 1162.14),
(1, 41.67),
(1, 141.72),
(0, 123.79),
(1, 332.95),
(1, 285.40),
(1, 289.22),
(1, 153.39),
(1, 305.87),
(1, 3716.92),
(0, 547.74),
(1, 591.64),
(0, 35.6),
(1, 218.13),
(1, 467.34),
(1, 1486.88),
(1, 103.65),
(1, 674.68),
(1, 585.46),
(1, 201.72),
(1, 234.70),
(1, 802.5),
(1, 181.49),
(1, 311.86),
(1, 9973.51),
(1, 245.79),
(0, 405.64),
(1, 394.10),
(1, 3589.77),
(0, 280.71),
(1, 69.8),
(1, 303.69),
(1, 1326.54),
(1, 126.93),
(1, 504.92),
(1, 276.23),
(1, 1038.27),
(1, 109.38),
(1, 129.71),
(1, 1318.31),
(1, 59.59),
(0, 1034.32),
(0, 910.37),
(1, 244.87),
(1, 299.93),
(1, 634.46),
(1, 554.33),
(1, 240.22),
(1, 472.51),
(1, 240.63),
(1, 889.52),
(1, 562.21),
(0, 714.23),
(0, 213.5),
(0, 1066.53),
(1, 1237.62),
(0, 1239.96),
(1, 525.83),
(1, 282.92),
(0, 185.44),
(1, 276.44),
(1, 980.80),
(1, 428.94),
(1, 356.43),
(1, 434.17),
(0, 58.22),
(1, 147.5),
(1, 222.35),
(0, 645.43),
(1, 314.80),
(1, 74.98),
(1, 65.39),
(1, 54.11),
(0, 56.53),
(1, 709.90),
(0, 261.96),
(1, 121.16),
(1, 1183.18),
(1, 344.2),
(1, 158.42),
(1, 506.55),
(1, 1061.90),
(1, 239.65),
(1, 533.32),
(1, 373.79),
(0, 457.16),
(1, 524.98),
(1, 255.60),
(1, 224.25),
(1, 189.30),
(1, 1150.17),
(1, 13.74),
(0, 1010.48),
(0, 384.21),
(0, 239.48),
(1, 308.5),
(1, 424.44),
(1, 484.80),
(1, 109.72),
(0, 284.29),
(1, 603.33),
(1, 409.69),
(1, 854.89),
(1, 115.26),
(1, 592.13),
(1, 346.37),
(1, 565.75),
(1, 290.43),
(1, 29.18),
(1, 618.37),
(1, 38.23),
(1, 263.85),
(1, 111.28),
(1, 577.66),
(1, 569.38),
(0, 303.28),
(1, 412.49),
(1, 473.62),
(1, 142.38),
(1, 127.52),
(1, 1103.53),
(0, 1405.4),
(1, 392.88),
(1, 342.18),
(1, 1124.47),
(1, 298.35),
(1, 474.92),
(1, 294.33),
(1, 135.81),
(1, 336.54),
(0, 332.90),
(1, 343.89),
(1, 86.24),
(1, 247.48),
(1, 1079.41),
(1, 90.46),
(1, 261.72),
(1, 546.66),
(1, 1084.65),
(1, 149.15),
(0, 506.25),
(1, 1197.0),
(1, 180.9),
(1, 783.97),
(1, 77.1),
(1, 273.46),
(1, 1215.64),
(1, 161.18),
(1, 356.50),
(1, 474.2),
(1, 411.96),
(1, 269.50),
(0, 586.36),
(1, 1162.15),
(1, 226.54),
(1, 9776.46),
(1, 99.94),
(1, 521.4),
(1, 318.20),
(1, 585.19),
(0, 1339.47),
(1, 326.2),
(1, 104.78),
(1, 1105.55),
(1, 1066.51),
(0, 584.12),
(1, 20.0),
(1, 112.12),
(1, 1240.28),
(1, 504.69),
(1, 28.17),
(1, 1194.4),
(1, 86.97),
(0, 296.44),
(1, 488.73),
(1, 287.33),
(1, 47.33),
(1, 283.86),
(1, 597.83),
(1, 319.65),
(1, 1353.76),
(1, 847.91),
(1, 139.49),
(1, 666.7),
(1, 86.79),
(1, 376.88),
(1, 67.3),
(1, 237.41),
(1, 1027.54),
(1, 484.28),
(1, 437.23),
(1, 180.26),
(1, 32.30),
(0, 117.92),
(1, 33.57),
(1, 333.10),
(0, 222.58),
(1, 331.97),
(1, 198.12),
(1, 445.63),
(0, 250.53),
(1, 53.61),
(1, 115.65),
(1, 1393.36),
(1, 224.53),
(1, 436.21),
(1, 204.37),
(1, 35.20),
(1, 480.3),
(0, 82.1),
(1, 354.5),
(1, 424.90),
(1, 150.8),
(1, 617.24),
(1, 674.4),
(1, 763.17),
(1, 303.70),
(1, 319.9),
(1, 280.98),
(1, 464.64),
(1, 448.60),
(0, 719.10),
(1, 268.84),
(0, 229.7),
(1, 502.65),
(1, 54.82),
(1, 5243.82),
(1, 772.8),
(1, 319.45),
(1, 284.5),
(1, 154.90),
(1, 225.0),
(0, 375.72),
(0, 835.66),
(0, 215.79),
(0, 256.57),
(1, 347.41),
(1, 431.86),
(0, 583.8),
(0, 260.78),
(1, 530.49),
(1, 235.28),
(1, 428.53),
(1, 188.39),
(0, 398.25),
(1, 446.17),
(1, 482.5),
(1, 1362.22),
(1, 127.56),
(1, 153.84),
(0, 828.54),
(1, 1084.39),
(1, 150.29),
(0, 1229.90),
(1, 537.78),
(1, 191.98),
(0, 100.89),
(1, 582.17),
(1, 235.87),
(1, 638.50),
(1, 342.52),
(1, 228.47),
(1, 1455.74),
(0, 178.76),
(1, 416.70),
(1, 544.95),
(1, 88.22),
(1, 268.47),
(1, 429.32),
(1, 562.36),
(1, 182.36),
(1, 814.10),
(1, 528.31),
(1, 296.49),
(1, 566.14),
(1, 1214.91),
(0, 156.56),
(1, 121.37),
(1, 372.58),
(1, 254.38),
(1, 422.29),
(0, 9766.30),
(0, 1365.20),
(1, 446.14),
(0, 384.18),
(1, 329.75),
(1, 592.23),
(1, 114.95),
(1, 330.89),
(1, 582.77),
(1, 399.48),
(0, 432.55),
(1, 476.22),
(0, 863.1),
(1, 85.47),
(1, 362.17),
(1, 10.17),
(1, 482.44),
(1, 436.29),
(1, 80.61),
(0, 434.38),
(1, 105.8),
(1, 400.48),
(1, 475.77),
(1, 281.8),
(0, 219.77),
(1, 575.16),
(1, 9673.33),
(1, 1201.59),
(1, 714.32),
(0, 93.86),
(1, 548.78),
(1, 11.63),
(1, 498.31),
(1, 77.73),
(0, 413.24),
(1, 293.34),
(0, 1256.13),
(1, 788.89),
(1, 400.35),
(1, 721.56),
(0, 467.40),
(1, 308.16),
(1, 339.3),
(1, 294.91),
(0, 588.87),
(1, 40.56),
(1, 77.81),
(1, 270.68),
(1, 835.17),
(1, 93.46),
(1, 474.90),
(1, 1154.88),
(0, 337.84),
(1, 304.11),
(0, 1435.51),
(1, 543.0),
(1, 263.22),
(1, 300.90),
(1, 177.59),
(1, 106.30),
(1, 524.60),
(0, 356.45),
(1, 782.35),
(1, 535.13),
(1, 538.76),
(0, 338.75),
(1, 214.66),
(1, 595.54),
(1, 226.72),
(1, 145.54),
(1, 62.26),
(1, 1378.21),
(1, 9499.37),
(1, 330.87),
(1, 900.34),
(1, 281.83),
(1, 203.42),
(1, 954.38),
(1, 348.96),
(0, 1276.23),
(1, 3219.7),
(0, 101.89),
(1, 275.65),
(0, 244.42),
(1, 156.35),
(0, 131.49),
(1, 461.21),
(1, 140.17),
(1, 1186.24),
(0, 582.53),
(1, 235.77),
(1, 322.90),
(1, 1025.7),
(1, 299.25),
(0, 327.33),
(0, 180.66),
(1, 889.83),
(1, 1155.21),
(1, 452.52),
(1, 457.87),
(1, 190.67),
(1, 3585.92),
(1, 249.27),
(0, 426.86),
(1, 350.60),
(1, 512.98),
(1, 251.51),
(1, 149.66),
(0, 225.7),
(1, 431.27),
(1, 173.69),
(1, 295.14),
(0, 298.55),
(1, 1022.48),
(0, 808.75),
(1, 224.82),
(1, 334.25),
(1, 233.65),
(0, 362.3);
#Dodanie do wypłat
INSERT INTO wyplaty(id_pracownika, data, pensja, premia)
VALUES
(2 , '08-02-2020', 4754, NULL),
(3 , '08-02-2020', 3371, NULL),
(4 , '08-02-2020', 2403, NULL),
(5 , '08-02-2020', 2377, NULL),
(6 , '08-02-2020', 3371, NULL),
(7 , '08-02-2020', 3371, NULL),
(8 , '08-02-2020', 3371, NULL),
(9 , '08-02-2020', 2247, NULL),
(10 , '08-02-2020', 612, NULL),
(2 , '08-03-2020', 5500, NULL),
(3 , '08-03-2020', 3900, NULL),
(4 , '08-03-2020', 2780, NULL),
(5 , '08-03-2020', 2750, NULL),
(6 , '08-03-2020', 3900, NULL),
(7 , '08-03-2020', 3900, NULL),
(8 , '08-03-2020', 3900, NULL),
(9 , '08-03-2020', 2600, NULL),
(10 , '08-03-2020', 2780, 145),
(11 , '08-03-2020', 1123, NULL),
(2 , '08-04-2020', 5500, NULL),
(3 , '08-04-2020', 3900, 128),
(4 , '08-04-2020', 2780, NULL),
(5 , '08-04-2020', 2750, 137),
(6 , '08-04-2020', 3900, NULL),
(7 , '08-04-2020', 3900, 86),
(8 , '08-04-2020', 3900, NULL),
(9 , '08-04-2020', 2600, NULL),
(10 , '08-04-2020', 2780, 301),
(11 , '08-04-2020', 3900, 70),
(12 , '08-04-2020', 4008, NULL),
(13 , '08-04-2020', 2640, NULL),
(2 , '08-05-2020', 5500, NULL),
(3 , '08-05-2020', 3900, 108),
(4 , '08-05-2020', 2780, NULL),
(5 , '08-05-2020', 2750, 126),
(6 , '08-05-2020', 3900, 461),
(7 , '08-05-2020', 3900, NULL),
(8 , '08-05-2020', 3900, NULL),
(9 , '08-05-2020', 2600, NULL),
(10 , '08-05-2020', 2780, 77),
(11 , '08-05-2020', 3900, 404),
(12 , '08-05-2020', 5500, NULL),
(13 , '08-05-2020', 3800, NULL),
(2 , '08-06-2020', 5500, NULL),
(3 , '08-06-2020', 3900, NULL),
(4 , '08-06-2020', 2780, NULL),
(5 , '08-06-2020', 2750, NULL),
(6 , '08-06-2020', 3900, NULL),
(7 , '08-06-2020', 3900, 430),
(8 , '08-06-2020', 3900, NULL),
(9 , '08-06-2020', 2600, NULL),
(10 , '08-06-2020', 2780, NULL),
(11 , '08-06-2020', 3900, NULL),
(12 , '08-06-2020', 5500, 94),
(13 , '08-06-2020', 3800, NULL);